bench_2000usatstp2	0	シュタイナーの定理(二次曲線上の6点の複比不変性)	31	0	1	0	0
bench_2000usatstp2	0	シュタイナーの定理(接線版)/接弦定理(射影版)	31	0	1	0	0
bench_2000usatstp2	0	シュタイナーの定理の逆(射影版・円周角の定理の逆)	31	0	13054	0	0
bench_2000usatstp2	0	スパイラル相似(同じ向き)	49	18	41785	0	0
bench_2000usatstp2	0	中心角の定理	31	0	242	0	0
bench_2000usatstp2	0	中点連結定理	32	0	1092	65	0
bench_2000usatstp2	0	中点連結定理(長さ)	31	0	418	115	0
bench_2000usatstp2	0	二等辺三角形の底角	32	0	1100	0	0
bench_2000usatstp2	0	二等辺三角形の底角の逆	32	0	10077	0	0
bench_2000usatstp2	0	交わる弦の相似(逆向きのスパイラル相似)	31	0	1112	11	0
bench_2000usatstp2	0	共点二弦の相似(方冪の定理の基礎)	32	0	21306	5	0
bench_2000usatstp2	0	円周角の定理	32	0	2744	58	0
bench_2000usatstp2	0	円周角の定理の逆	31	0	24621	11	0
bench_2000usatstp2	0	同位角による平行判定(右共通)	31	0	235	0	0
bench_2000usatstp2	0	同位角による平行判定(左共通)	31	0	235	0	0
bench_2000usatstp2	0	垂直二等分線の距離の等価性	32	0	216	34	0
bench_2000usatstp2	0	垂直二等分線の距離の等価性の逆	32	0	223	1	0
bench_2000usatstp2	0	平行四辺形の対角線は互いに二等分する	31	0	623	15	0
bench_2000usatstp2	0	接弦定理	31	0	1	0	0
bench_2000usatstp2	0	有向角の交替律	31	0	17478	1186	0
bench_2000usatstp2	0	有向角の加法性	31	0	57912	317	0
bench_2000usatstp2	0	直角三角形の斜辺の中線	31	0	1677	0	0
bench_2000usatstp2	0	直角三角形の斜辺の中線 (距離版)	31	0	1850	0	0
bench_2000usatstp2	0	直角三角形の斜辺の中線の逆	31	0	188	0	0
bench_2000usatstp2	0	等しい円周角に対する弦は等しい	31	0	32813	0	0
bench_2000usatstp2	0	複比の透視射影不変性(点→線束)/対合定理(共点4直線+横断線)	31	0	1273	26	0
bench_2000usatstp2	0	複比の透視射影不変性(線束→点)	31	0	1236	0	0
bench_2005ctstp1	1	シュタイナーの定理(二次曲線上の6点の複比不変性)	8	0	1	0	0
bench_2005ctstp1	1	シュタイナーの定理(接線版)/接弦定理(射影版)	8	0	1	0	0
bench_2005ctstp1	1	シュタイナーの定理の逆(射影版・円周角の定理の逆)	9	0	1	0	0
bench_2005ctstp1	1	スパイラル相似(同じ向き)	9	0	3116	0	0
bench_2005ctstp1	1	中心角の定理	9	0	16	0	0
bench_2005ctstp1	1	中点連結定理	9	0	1	0	0
bench_2005ctstp1	1	中点連結定理(長さ)	9	0	1	0	0
bench_2005ctstp1	1	二等辺三角形の底角	9	0	17	0	0
bench_2005ctstp1	1	二等辺三角形の底角の逆	9	0	1374	0	0
bench_2005ctstp1	1	交わる弦の相似(逆向きのスパイラル相似)	8	0	249	0	0
bench_2005ctstp1	1	共点二弦の相似(方冪の定理の基礎)	9	0	1364	2	0
bench_2005ctstp1	1	円周角の定理	8	0	5852	116	14
bench_2005ctstp1	1	円周角の定理の逆	9	0	2796	65	4
bench_2005ctstp1	1	同位角による平行判定(右共通)	9	0	51	1	3
bench_2005ctstp1	1	同位角による平行判定(左共通)	9	0	50	0	0
bench_2005ctstp1	1	垂直二等分線の距離の等価性	9	0	15	0	0
bench_2005ctstp1	1	垂直二等分線の距離の等価性の逆	9	0	12	0	0
bench_2005ctstp1	1	平行四辺形の対角線は互いに二等分する	9	0	613	0	0
bench_2005ctstp1	1	接弦定理	8	0	1	0	0
bench_2005ctstp1	1	有向角の交替律	9	0	1565	40	1
bench_2005ctstp1	1	有向角の加法性	9	0	2129	6	0
bench_2005ctstp1	1	直角三角形の斜辺の中線	9	0	229	0	0
bench_2005ctstp1	1	直角三角形の斜辺の中線 (距離版)	9	0	271	0	0
bench_2005ctstp1	1	直角三角形の斜辺の中線の逆	9	0	13	0	0
bench_2005ctstp1	1	等しい円周角に対する弦は等しい	8	0	15273	0	0
bench_2005ctstp1	1	複比の透視射影不変性(点→線束)/対合定理(共点4直線+横断線)	9	0	874	0	0
bench_2005ctstp1	1	複比の透視射影不変性(線束→点)	9	0	183	0	0
bench_2005usamop3	1	シュタイナーの定理(二次曲線上の6点の複比不変性)	5	0	1	0	0
bench_2005usamop3	1	シュタイナーの定理(接線版)/接弦定理(射影版)	5	0	1	0	0
bench_2005usamop3	1	シュタイナーの定理の逆(射影版・円周角の定理の逆)	5	0	1	0	0
bench_2005usamop3	1	スパイラル相似(同じ向き)	5	0	205	0	0
bench_2005usamop3	1	中心角の定理	5	0	4	0	0
bench_2005usamop3	1	中点連結定理	5	0	1	0	0
bench_2005usamop3	1	中点連結定理(長さ)	5	0	1	0	0
bench_2005usamop3	1	二等辺三角形の底角	5	0	3	0	0
bench_2005usamop3	1	二等辺三角形の底角の逆	5	0	685	0	0
bench_2005usamop3	1	交わる弦の相似(逆向きのスパイラル相似)	5	0	181	0	0
bench_2005usamop3	1	共点二弦の相似(方冪の定理の基礎)	5	0	511	0	0
bench_2005usamop3	1	円周角の定理	5	0	594	16	0
bench_2005usamop3	1	円周角の定理の逆	5	0	786	8	0
bench_2005usamop3	1	同位角による平行判定(右共通)	5	0	26	1	0
bench_2005usamop3	1	同位角による平行判定(左共通)	5	0	12	0	0
bench_2005usamop3	1	垂直二等分線の距離の等価性	5	0	17	0	0
bench_2005usamop3	1	垂直二等分線の距離の等価性の逆	5	0	3	0	0
bench_2005usamop3	1	平行四辺形の対角線は互いに二等分する	5	0	260	0	0
bench_2005usamop3	1	接弦定理	5	0	1	0	0
bench_2005usamop3	1	有向角の交替律	5	0	327	0	0
bench_2005usamop3	1	有向角の加法性	5	0	1288	0	0
bench_2005usamop3	1	直角三角形の斜辺の中線	5	0	17	0	0
bench_2005usamop3	1	直角三角形の斜辺の中線 (距離版)	5	0	36	0	0
bench_2005usamop3	1	直角三角形の斜辺の中線の逆	5	0	3	0	0
bench_2005usamop3	1	等しい円周角に対する弦は等しい	5	0	3037	0	0
bench_2005usamop3	1	複比の透視射影不変性(点→線束)/対合定理(共点4直線+横断線)	5	0	296	0	0
bench_2005usamop3	1	複比の透視射影不変性(線束→点)	5	0	45	0	0
bench_2008armog10p6	0	シュタイナーの定理(二次曲線上の6点の複比不変性)	7	0	1	0	0
bench_2008armog10p6	0	シュタイナーの定理(接線版)/接弦定理(射影版)	7	0	1	0	0
bench_2008armog10p6	0	シュタイナーの定理の逆(射影版・円周角の定理の逆)	8	0	27833	0	0
bench_2008armog10p6	0	スパイラル相似(同じ向き)	19	13	75243	25	0
bench_2008armog10p6	0	中心角の定理	11	4	39918	256	0
bench_2008armog10p6	0	中点連結定理	8	0	1686	62	0
bench_2008armog10p6	0	中点連結定理(長さ)	8	0	1022	331	0
bench_2008armog10p6	0	二等辺三角形の底角	8	0	6704	13	0
bench_2008armog10p6	0	二等辺三角形の底角の逆	8	0	18431	11	0
bench_2008armog10p6	0	交わる弦の相似(逆向きのスパイラル相似)	7	0	18515	181	0
bench_2008armog10p6	0	共点二弦の相似(方冪の定理の基礎)	16	10	73589	31	0
bench_2008armog10p6	0	円周角の定理	11	5	56909	105	0
bench_2008armog10p6	0	円周角の定理の逆	19	13	78089	1451	0
bench_2008armog10p6	0	同位角による平行判定(右共通)	8	0	102	8	0
bench_2008armog10p6	0	同位角による平行判定(左共通)	8	0	94	0	0
bench_2008armog10p6	0	垂直二等分線の距離の等価性	8	0	365	90	0
bench_2008armog10p6	0	垂直二等分線の距離の等価性の逆	8	0	270	116	0
bench_2008armog10p6	0	平行四辺形の対角線は互いに二等分する	8	0	1914	61	0
bench_2008armog10p6	0	接弦定理	7	0	1	0	0
bench_2008armog10p6	0	有向角の交替律	8	0	7941	152	0
bench_2008armog10p6	0	有向角の加法性	12	5	52997	359	0
bench_2008armog10p6	0	直角三角形の斜辺の中線	8	0	7070	304	0
bench_2008armog10p6	0	直角三角形の斜辺の中線 (距離版)	8	0	10103	89	0
bench_2008armog10p6	0	直角三角形の斜辺の中線の逆	8	0	277	334	0
bench_2008armog10p6	0	等しい円周角に対する弦は等しい	19	13	73581	8	0
bench_2008armog10p6	0	複比の透視射影不変性(点→線束)/対合定理(共点4直線+横断線)	8	0	4778	31	0
bench_2008armog10p6	0	複比の透視射影不変性(線束→点)	8	0	2232	6	0
bench_2010g1	1	シュタイナーの定理(二次曲線上の6点の複比不変性)	6	0	1	0	0
bench_2010g1	1	シュタイナーの定理(接線版)/接弦定理(射影版)	6	0	1	0	0
bench_2010g1	1	シュタイナーの定理の逆(射影版・円周角の定理の逆)	6	0	1	0	0
bench_2010g1	1	スパイラル相似(同じ向き)	6	0	1268	0	0
bench_2010g1	1	中心角の定理	6	0	16	0	0
bench_2010g1	1	中点連結定理	6	0	1	0	0
bench_2010g1	1	中点連結定理(長さ)	6	0	1	0	0
bench_2010g1	1	二等辺三角形の底角	6	0	14	0	0
bench_2010g1	1	二等辺三角形の底角の逆	6	0	1552	0	0
bench_2010g1	1	交わる弦の相似(逆向きのスパイラル相似)	6	0	926	0	0
bench_2010g1	1	共点二弦の相似(方冪の定理の基礎)	6	0	2285	4	0
bench_2010g1	1	円周角の定理	6	0	3395	46	10
bench_2010g1	1	円周角の定理の逆	6	0	2961	23	4
bench_2010g1	1	同位角による平行判定(右共通)	6	0	36	0	0
bench_2010g1	1	同位角による平行判定(左共通)	6	0	36	0	0
bench_2010g1	1	垂直二等分線の距離の等価性	6	0	18	0	0
bench_2010g1	1	垂直二等分線の距離の等価性の逆	6	0	10	0	0
bench_2010g1	1	平行四辺形の対角線は互いに二等分する	6	0	696	0	0
bench_2010g1	1	接弦定理	6	0	1	0	0
bench_2010g1	1	有向角の交替律	6	0	713	5	0
bench_2010g1	1	有向角の加法性	6	0	1777	5	0
bench_2010g1	1	直角三角形の斜辺の中線	6	0	133	0	0
bench_2010g1	1	直角三角形の斜辺の中線 (距離版)	6	0	159	0	0
bench_2010g1	1	直角三角形の斜辺の中線の逆	6	0	10	0	0
bench_2010g1	1	等しい円周角に対する弦は等しい	6	0	17342	1	1
bench_2010g1	1	複比の透視射影不変性(点→線束)/対合定理(共点4直線+横断線)	6	0	1449	0	0
bench_2010g1	1	複比の透視射影不変性(線束→点)	6	0	745	0	0
bench_2011armog10p6	1	シュタイナーの定理(二次曲線上の6点の複比不変性)	5	0	1	0	0
bench_2011armog10p6	1	シュタイナーの定理(接線版)/接弦定理(射影版)	5	0	1	0	0
bench_2011armog10p6	1	シュタイナーの定理の逆(射影版・円周角の定理の逆)	6	0	1	0	0
bench_2011armog10p6	1	スパイラル相似(同じ向き)	6	0	713	0	0
bench_2011armog10p6	1	中心角の定理	6	0	17	0	0
bench_2011armog10p6	1	中点連結定理	6	0	1	0	0
bench_2011armog10p6	1	中点連結定理(長さ)	6	0	1	0	0
bench_2011armog10p6	1	二等辺三角形の底角	6	0	13	0	0
bench_2011armog10p6	1	二等辺三角形の底角の逆	6	0	824	0	0
bench_2011armog10p6	1	交わる弦の相似(逆向きのスパイラル相似)	5	0	509	0	0
bench_2011armog10p6	1	共点二弦の相似(方冪の定理の基礎)	6	0	928	1	0
bench_2011armog10p6	1	円周角の定理	5	0	1347	31	9
bench_2011armog10p6	1	円周角の定理の逆	6	0	1255	18	3
bench_2011armog10p6	1	同位角による平行判定(右共通)	6	0	29	0	0
bench_2011armog10p6	1	同位角による平行判定(左共通)	6	0	29	0	0
bench_2011armog10p6	1	垂直二等分線の距離の等価性	6	0	19	0	0
bench_2011armog10p6	1	垂直二等分線の距離の等価性の逆	6	0	10	0	0
bench_2011armog10p6	1	平行四辺形の対角線は互いに二等分する	6	0	388	0	0
bench_2011armog10p6	1	接弦定理	5	0	1	0	0
bench_2011armog10p6	1	有向角の交替律	6	0	588	32	1
bench_2011armog10p6	1	有向角の加法性	6	0	946	4	0
bench_2011armog10p6	1	直角三角形の斜辺の中線	6	0	161	0	0
bench_2011armog10p6	1	直角三角形の斜辺の中線 (距離版)	6	0	198	0	0
bench_2011armog10p6	1	直角三角形の斜辺の中線の逆	6	0	12	0	0
bench_2011armog10p6	1	等しい円周角に対する弦は等しい	5	0	5354	0	0
bench_2011armog10p6	1	複比の透視射影不変性(点→線束)/対合定理(共点4直線+横断線)	6	0	776	0	0
bench_2011armog10p6	1	複比の透視射影不変性(線束→点)	6	0	284	0	0
bench_2011balkanmop1	1	シュタイナーの定理(二次曲線上の6点の複比不変性)	8	0	1	0	0
bench_2011balkanmop1	1	シュタイナーの定理(接線版)/接弦定理(射影版)	8	0	1	0	0
bench_2011balkanmop1	1	シュタイナーの定理の逆(射影版・円周角の定理の逆)	8	0	428	0	0
bench_2011balkanmop1	1	スパイラル相似(同じ向き)	8	0	3195	0	0
bench_2011balkanmop1	1	中心角の定理	8	0	41	0	0
bench_2011balkanmop1	1	中点連結定理	8	0	6	0	0
bench_2011balkanmop1	1	中点連結定理(長さ)	8	0	5	0	0
bench_2011balkanmop1	1	二等辺三角形の底角	8	0	34	0	0
bench_2011balkanmop1	1	二等辺三角形の底角の逆	8	0	1571	0	0
bench_2011balkanmop1	1	交わる弦の相似(逆向きのスパイラル相似)	8	0	228	6	1
bench_2011balkanmop1	1	共点二弦の相似(方冪の定理の基礎)	8	0	1251	1	0
bench_2011balkanmop1	1	円周角の定理	8	0	321	10	3
bench_2011balkanmop1	1	円周角の定理の逆	8	0	1562	7	1
bench_2011balkanmop1	1	同位角による平行判定(右共通)	8	0	63	0	0
bench_2011balkanmop1	1	同位角による平行判定(左共通)	8	0	63	0	0
bench_2011balkanmop1	1	垂直二等分線の距離の等価性	8	0	53	0	0
bench_2011balkanmop1	1	垂直二等分線の距離の等価性の逆	8	0	28	0	0
bench_2011balkanmop1	1	平行四辺形の対角線は互いに二等分する	8	0	411	0	0
bench_2011balkanmop1	1	接弦定理	8	0	1	0	0
bench_2011balkanmop1	1	有向角の交替律	8	0	1032	9	0
bench_2011balkanmop1	1	有向角の加法性	8	0	7021	8	1
bench_2011balkanmop1	1	直角三角形の斜辺の中線	8	0	96	0	0
bench_2011balkanmop1	1	直角三角形の斜辺の中線 (距離版)	8	0	114	0	0
bench_2011balkanmop1	1	直角三角形の斜辺の中線の逆	8	0	25	0	0
bench_2011balkanmop1	1	等しい円周角に対する弦は等しい	8	0	3772	0	0
bench_2011balkanmop1	1	複比の透視射影不変性(点→線束)/対合定理(共点4直線+横断線)	8	0	625	2	0
bench_2011balkanmop1	1	複比の透視射影不変性(線束→点)	8	0	401	5	0
bench_2012chnwesternmop5	0	シュタイナーの定理(二次曲線上の6点の複比不変性)	6	0	1	0	0
bench_2012chnwesternmop5	0	シュタイナーの定理(接線版)/接弦定理(射影版)	6	0	1	0	0
bench_2012chnwesternmop5	0	シュタイナーの定理の逆(射影版・円周角の定理の逆)	7	0	3076	0	0
bench_2012chnwesternmop5	0	スパイラル相似(同じ向き)	19	14	74261	18	0
bench_2012chnwesternmop5	0	中心角の定理	11	5	48187	173	0
bench_2012chnwesternmop5	0	中点連結定理	7	0	1653	37	0
bench_2012chnwesternmop5	0	中点連結定理(長さ)	7	0	1025	232	0
bench_2012chnwesternmop5	0	二等辺三角形の底角	7	0	4303	20	0
bench_2012chnwesternmop5	0	二等辺三角形の底角の逆	7	0	22048	5	0
bench_2012chnwesternmop5	0	交わる弦の相似(逆向きのスパイラル相似)	6	0	16176	48	0
bench_2012chnwesternmop5	0	共点二弦の相似(方冪の定理の基礎)	18	11	65112	0	0
bench_2012chnwesternmop5	0	円周角の定理	9	3	46238	27	0
bench_2012chnwesternmop5	0	円周角の定理の逆	19	15	85724	10424	0
bench_2012chnwesternmop5	0	同位角による平行判定(右共通)	7	0	237	14	0
bench_2012chnwesternmop5	0	同位角による平行判定(左共通)	7	0	104	0	0
bench_2012chnwesternmop5	0	垂直二等分線の距離の等価性	7	0	586	215	0
bench_2012chnwesternmop5	0	垂直二等分線の距離の等価性の逆	7	0	508	160	0
bench_2012chnwesternmop5	0	平行四辺形の対角線は互いに二等分する	7	0	1366	20	0
bench_2012chnwesternmop5	0	接弦定理	6	0	1	0	0
bench_2012chnwesternmop5	0	有向角の交替律	7	0	9164	826	0
bench_2012chnwesternmop5	0	有向角の加法性	10	3	50503	241	0
bench_2012chnwesternmop5	0	直角三角形の斜辺の中線	7	0	19382	330	0
bench_2012chnwesternmop5	0	直角三角形の斜辺の中線 (距離版)	7	0	28266	124	0
bench_2012chnwesternmop5	0	直角三角形の斜辺の中線の逆	7	0	298	138	0
bench_2012chnwesternmop5	0	等しい円周角に対する弦は等しい	18	12	70918	24	0
bench_2012chnwesternmop5	0	複比の透視射影不変性(点→線束)/対合定理(共点4直線+横断線)	7	0	5495	7	0
bench_2012chnwesternmop5	0	複比の透視射影不変性(線束→点)	7	0	216	10	0
bench_2012egmop1	1	シュタイナーの定理(二次曲線上の6点の複比不変性)	7	0	1	0	0
bench_2012egmop1	1	シュタイナーの定理(接線版)/接弦定理(射影版)	7	0	1	0	0
bench_2012egmop1	1	シュタイナーの定理の逆(射影版・円周角の定理の逆)	8	0	729	0	0
bench_2012egmop1	1	スパイラル相似(同じ向き)	8	0	5313	0	0
bench_2012egmop1	1	中心角の定理	8	0	230	13	4
bench_2012egmop1	1	中点連結定理	8	0	273	13	17
bench_2012egmop1	1	中点連結定理(長さ)	8	0	120	10	0
bench_2012egmop1	1	二等辺三角形の底角	8	0	316	12	9
bench_2012egmop1	1	二等辺三角形の底角の逆	8	0	3114	0	0
bench_2012egmop1	1	交わる弦の相似(逆向きのスパイラル相似)	7	0	1065	0	0
bench_2012egmop1	1	共点二弦の相似(方冪の定理の基礎)	8	0	3600	6	0
bench_2012egmop1	1	円周角の定理	7	0	5322	64	119
bench_2012egmop1	1	円周角の定理の逆	8	0	6641	41	4
bench_2012egmop1	1	同位角による平行判定(右共通)	8	0	50	1	1
bench_2012egmop1	1	同位角による平行判定(左共通)	8	0	49	0	0
bench_2012egmop1	1	垂直二等分線の距離の等価性	8	0	110	6	11
bench_2012egmop1	1	垂直二等分線の距離の等価性の逆	8	0	68	3	6
bench_2012egmop1	1	平行四辺形の対角線は互いに二等分する	8	0	1227	6	4
bench_2012egmop1	1	接弦定理	7	0	1	0	0
bench_2012egmop1	1	有向角の交替律	8	0	1582	24	36
bench_2012egmop1	1	有向角の加法性	8	0	3006	41	56
bench_2012egmop1	1	直角三角形の斜辺の中線	8	0	476	0	0
bench_2012egmop1	1	直角三角形の斜辺の中線 (距離版)	8	0	619	0	0
bench_2012egmop1	1	直角三角形の斜辺の中線の逆	8	0	36	0	0
bench_2012egmop1	1	等しい円周角に対する弦は等しい	7	0	14497	0	0
bench_2012egmop1	1	複比の透視射影不変性(点→線束)/対合定理(共点4直線+横断線)	8	0	1692	2	0
bench_2012egmop1	1	複比の透視射影不変性(線束→点)	8	0	150	0	0
bench_2015apmop1	1	シュタイナーの定理(二次曲線上の6点の複比不変性)	6	0	1	0	0
bench_2015apmop1	1	シュタイナーの定理(接線版)/接弦定理(射影版)	6	0	1	0	0
bench_2015apmop1	1	シュタイナーの定理の逆(射影版・円周角の定理の逆)	6	0	1	0	0
bench_2015apmop1	1	スパイラル相似(同じ向き)	6	0	2246	6	0
bench_2015apmop1	1	中心角の定理	6	0	17	0	0
bench_2015apmop1	1	中点連結定理	6	0	1	0	0
bench_2015apmop1	1	中点連結定理(長さ)	6	0	1	0	0
bench_2015apmop1	1	二等辺三角形の底角	6	0	15	0	0
bench_2015apmop1	1	二等辺三角形の底角の逆	6	0	2084	0	0
bench_2015apmop1	1	交わる弦の相似(逆向きのスパイラル相似)	6	0	476	0	0
bench_2015apmop1	1	共点二弦の相似(方冪の定理の基礎)	6	0	2526	2	0
bench_2015apmop1	1	円周角の定理	6	0	5529	110	19
bench_2015apmop1	1	円周角の定理の逆	6	0	4144	49	7
bench_2015apmop1	1	同位角による平行判定(右共通)	6	0	54	2	1
bench_2015apmop1	1	同位角による平行判定(左共通)	6	0	50	0	0
bench_2015apmop1	1	垂直二等分線の距離の等価性	6	0	9	0	0
bench_2015apmop1	1	垂直二等分線の距離の等価性の逆	6	0	11	0	0
bench_2015apmop1	1	平行四辺形の対角線は互いに二等分する	6	0	711	0	0
bench_2015apmop1	1	接弦定理	6	0	1	0	0
bench_2015apmop1	1	有向角の交替律	6	0	1654	2	0
bench_2015apmop1	1	有向角の加法性	6	0	3844	12	5
bench_2015apmop1	1	直角三角形の斜辺の中線	6	0	2	0	0
bench_2015apmop1	1	直角三角形の斜辺の中線 (距離版)	6	0	2	0	0
bench_2015apmop1	1	直角三角形の斜辺の中線の逆	6	0	11	0	0
bench_2015apmop1	1	等しい円周角に対する弦は等しい	6	0	14418	1	1
bench_2015apmop1	1	複比の透視射影不変性(点→線束)/対合定理(共点4直線+横断線)	6	0	891	0	0
bench_2015apmop1	1	複比の透視射影不変性(線束→点)	6	0	750	0	0
bench_2016armog10p2	0	シュタイナーの定理(二次曲線上の6点の複比不変性)	23	0	1	0	0
bench_2016armog10p2	0	シュタイナーの定理(接線版)/接弦定理(射影版)	23	0	1	0	0
bench_2016armog10p2	0	シュタイナーの定理の逆(射影版・円周角の定理の逆)	23	0	5905	0	0
bench_2016armog10p2	0	スパイラル相似(同じ向き)	35	15	60133	6	0
bench_2016armog10p2	0	中心角の定理	23	0	1128	24	0
bench_2016armog10p2	0	中点連結定理	23	0	945	57	0
bench_2016armog10p2	0	中点連結定理(長さ)	23	0	355	96	0
bench_2016armog10p2	0	二等辺三角形の底角	23	0	1288	11	0
bench_2016armog10p2	0	二等辺三角形の底角の逆	23	0	11334	5	0
bench_2016armog10p2	0	交わる弦の相似(逆向きのスパイラル相似)	23	0	1462	8	0
bench_2016armog10p2	0	共点二弦の相似(方冪の定理の基礎)	27	5	37854	2	0
bench_2016armog10p2	0	円周角の定理	23	0	17229	112	0
bench_2016armog10p2	0	円周角の定理の逆	30	8	52077	265	0
bench_2016armog10p2	0	同位角による平行判定(右共通)	23	0	93	3	0
bench_2016armog10p2	0	同位角による平行判定(左共通)	23	0	92	0	0
bench_2016armog10p2	0	垂直二等分線の距離の等価性	23	0	243	56	0
bench_2016armog10p2	0	垂直二等分線の距離の等価性の逆	23	0	138	29	0
bench_2016armog10p2	0	平行四辺形の対角線は互いに二等分する	23	0	1234	14	0
bench_2016armog10p2	0	接弦定理	23	0	1	0	0
bench_2016armog10p2	0	有向角の交替律	23	0	3795	106	0
bench_2016armog10p2	0	有向角の加法性	23	0	14363	83	0
bench_2016armog10p2	0	直角三角形の斜辺の中線	23	0	1560	40	0
bench_2016armog10p2	0	直角三角形の斜辺の中線 (距離版)	23	0	1935	5	0
bench_2016armog10p2	0	直角三角形の斜辺の中線の逆	23	0	90	14	0
bench_2016armog10p2	0	等しい円周角に対する弦は等しい	37	15	51535	2	0
bench_2016armog10p2	0	複比の透視射影不変性(点→線束)/対合定理(共点4直線+横断線)	23	0	1451	12	0
bench_2016armog10p2	0	複比の透視射影不変性(線束→点)	23	0	462	0	0
bench_2018chnwesternmop5	0	シュタイナーの定理(二次曲線上の6点の複比不変性)	26	0	1	0	0
bench_2018chnwesternmop5	0	シュタイナーの定理(接線版)/接弦定理(射影版)	26	0	1	0	0
bench_2018chnwesternmop5	0	シュタイナーの定理の逆(射影版・円周角の定理の逆)	26	0	3185	0	0
bench_2018chnwesternmop5	0	スパイラル相似(同じ向き)	36	10	47243	6	0
bench_2018chnwesternmop5	0	中心角の定理	26	0	207	9	0
bench_2018chnwesternmop5	0	中点連結定理	27	0	426	16	0
bench_2018chnwesternmop5	0	中点連結定理(長さ)	26	0	106	7	0
bench_2018chnwesternmop5	0	二等辺三角形の底角	27	0	791	6	0
bench_2018chnwesternmop5	0	二等辺三角形の底角の逆	27	0	10503	0	0
bench_2018chnwesternmop5	0	交わる弦の相似(逆向きのスパイラル相似)	26	0	420	0	0
bench_2018chnwesternmop5	0	共点二弦の相似(方冪の定理の基礎)	26	0	15692	0	0
bench_2018chnwesternmop5	0	円周角の定理	27	0	10922	118	0
bench_2018chnwesternmop5	0	円周角の定理の逆	26	0	29829	27	0
bench_2018chnwesternmop5	0	同位角による平行判定(右共通)	26	0	194	0	0
bench_2018chnwesternmop5	0	同位角による平行判定(左共通)	26	0	194	0	0
bench_2018chnwesternmop5	0	垂直二等分線の距離の等価性	27	0	115	4	0
bench_2018chnwesternmop5	0	垂直二等分線の距離の等価性の逆	27	0	117	1	0
bench_2018chnwesternmop5	0	平行四辺形の対角線は互いに二等分する	26	0	1157	5	0
bench_2018chnwesternmop5	0	接弦定理	26	0	1	0	0
bench_2018chnwesternmop5	0	有向角の交替律	26	0	10579	97	0
bench_2018chnwesternmop5	0	有向角の加法性	44	26	68200	181	0
bench_2018chnwesternmop5	0	直角三角形の斜辺の中線	26	0	554	0	0
bench_2018chnwesternmop5	0	直角三角形の斜辺の中線 (距離版)	26	0	627	0	0
bench_2018chnwesternmop5	0	直角三角形の斜辺の中線の逆	26	0	85	0	0
bench_2018chnwesternmop5	0	等しい円周角に対する弦は等しい	26	0	38706	0	0
bench_2018chnwesternmop5	0	複比の透視射影不変性(点→線束)/対合定理(共点4直線+横断線)	26	0	1230	5	0
bench_2018chnwesternmop5	0	複比の透視射影不変性(線束→点)	26	0	588	5	0
bench_2018silkroadp1	1	シュタイナーの定理(二次曲線上の6点の複比不変性)	3	0	1	0	0
bench_2018silkroadp1	1	シュタイナーの定理(接線版)/接弦定理(射影版)	3	0	1	0	0
bench_2018silkroadp1	1	シュタイナーの定理の逆(射影版・円周角の定理の逆)	4	0	2286	0	0
bench_2018silkroadp1	1	スパイラル相似(同じ向き)	4	0	28523	14	0
bench_2018silkroadp1	1	中心角の定理	4	0	664	23	0
bench_2018silkroadp1	1	中点連結定理	4	0	80	5	11
bench_2018silkroadp1	1	中点連結定理(長さ)	4	0	54	14	8
bench_2018silkroadp1	1	二等辺三角形の底角	4	0	135	2	5
bench_2018silkroadp1	1	二等辺三角形の底角の逆	4	0	3136	3	5
bench_2018silkroadp1	1	交わる弦の相似(逆向きのスパイラル相似)	3	0	1217	8	0
bench_2018silkroadp1	1	共点二弦の相似(方冪の定理の基礎)	4	0	3433	6	0
bench_2018silkroadp1	1	円周角の定理	3	0	1518	10	0
bench_2018silkroadp1	1	円周角の定理の逆	4	0	6286	62	0
bench_2018silkroadp1	1	同位角による平行判定(右共通)	4	0	46	3	7
bench_2018silkroadp1	1	同位角による平行判定(左共通)	4	0	35	0	0
bench_2018silkroadp1	1	垂直二等分線の距離の等価性	4	0	44	4	6
bench_2018silkroadp1	1	垂直二等分線の距離の等価性の逆	4	0	36	5	5
bench_2018silkroadp1	1	平行四辺形の対角線は互いに二等分する	4	0	1449	6	2
bench_2018silkroadp1	1	接弦定理	3	0	1	0	0
bench_2018silkroadp1	1	有向角の交替律	4	0	1062	16	0
bench_2018silkroadp1	1	有向角の加法性	4	0	2109	18	0
bench_2018silkroadp1	1	直角三角形の斜辺の中線	4	0	492	26	177
bench_2018silkroadp1	1	直角三角形の斜辺の中線 (距離版)	4	0	691	4	2
bench_2018silkroadp1	1	直角三角形の斜辺の中線の逆	4	0	36	16	164
bench_2018silkroadp1	1	等しい円周角に対する弦は等しい	3	0	27241	0	0
bench_2018silkroadp1	1	複比の透視射影不変性(点→線束)/対合定理(共点4直線+横断線)	4	0	1844	8	0
bench_2018silkroadp1	1	複比の透視射影不変性(線束→点)	4	0	1092	10	0
bench_2019g1	1	シュタイナーの定理(二次曲線上の6点の複比不変性)	8	0	1	0	0
bench_2019g1	1	シュタイナーの定理(接線版)/接弦定理(射影版)	8	0	1	0	0
bench_2019g1	1	シュタイナーの定理の逆(射影版・円周角の定理の逆)	8	0	138	0	0
bench_2019g1	1	スパイラル相似(同じ向き)	8	0	1383	7	0
bench_2019g1	1	中心角の定理	8	0	12	0	0
bench_2019g1	1	中点連結定理	8	0	1	0	0
bench_2019g1	1	中点連結定理(長さ)	8	0	1	0	0
bench_2019g1	1	二等辺三角形の底角	8	0	9	0	0
bench_2019g1	1	二等辺三角形の底角の逆	8	0	1359	0	0
bench_2019g1	1	交わる弦の相似(逆向きのスパイラル相似)	8	0	408	0	0
bench_2019g1	1	共点二弦の相似(方冪の定理の基礎)	8	0	1348	2	0
bench_2019g1	1	円周角の定理	8	0	2244	92	1
bench_2019g1	1	円周角の定理の逆	8	0	2337	30	0
bench_2019g1	1	同位角による平行判定(右共通)	8	0	44	1	1
bench_2019g1	1	同位角による平行判定(左共通)	8	0	40	0	0
bench_2019g1	1	垂直二等分線の距離の等価性	8	0	10	0	0
bench_2019g1	1	垂直二等分線の距離の等価性の逆	8	0	7	0	0
bench_2019g1	1	平行四辺形の対角線は互いに二等分する	8	0	364	0	0
bench_2019g1	1	接弦定理	8	0	51	4	0
bench_2019g1	1	有向角の交替律	8	0	1328	15	0
bench_2019g1	1	有向角の加法性	8	0	3862	9	0
bench_2019g1	1	直角三角形の斜辺の中線	8	0	19	0	0
bench_2019g1	1	直角三角形の斜辺の中線 (距離版)	8	0	38	0	0
bench_2019g1	1	直角三角形の斜辺の中線の逆	8	0	8	0	0
bench_2019g1	1	等しい円周角に対する弦は等しい	8	0	9204	0	0
bench_2019g1	1	複比の透視射影不変性(点→線束)/対合定理(共点4直線+横断線)	8	0	512	1	0
bench_2019g1	1	複比の透視射影不変性(線束→点)	8	0	104	0	0
bench_2022balkanmop1	1	シュタイナーの定理(二次曲線上の6点の複比不変性)	6	0	1	0	0
bench_2022balkanmop1	1	シュタイナーの定理(接線版)/接弦定理(射影版)	6	0	1	0	0
bench_2022balkanmop1	1	シュタイナーの定理の逆(射影版・円周角の定理の逆)	7	0	216	0	0
bench_2022balkanmop1	1	スパイラル相似(同じ向き)	7	0	14607	8	0
bench_2022balkanmop1	1	中心角の定理	7	0	141	6	0
bench_2022balkanmop1	1	中点連結定理	7	0	198	10	0
bench_2022balkanmop1	1	中点連結定理(長さ)	7	0	105	35	0
bench_2022balkanmop1	1	二等辺三角形の底角	7	0	235	6	0
bench_2022balkanmop1	1	二等辺三角形の底角の逆	7	0	2968	1	0
bench_2022balkanmop1	1	交わる弦の相似(逆向きのスパイラル相似)	6	0	753	0	0
bench_2022balkanmop1	1	共点二弦の相似(方冪の定理の基礎)	7	0	3744	2	0
bench_2022balkanmop1	1	円周角の定理	6	0	7366	104	0
bench_2022balkanmop1	1	円周角の定理の逆	7	0	8219	46	0
bench_2022balkanmop1	1	同位角による平行判定(右共通)	7	0	64	1	0
bench_2022balkanmop1	1	同位角による平行判定(左共通)	7	0	64	0	0
bench_2022balkanmop1	1	垂直二等分線の距離の等価性	7	0	76	5	0
bench_2022balkanmop1	1	垂直二等分線の距離の等価性の逆	7	0	60	7	0
bench_2022balkanmop1	1	平行四辺形の対角線は互いに二等分する	7	0	1347	11	0
bench_2022balkanmop1	1	接弦定理	6	0	1	0	0
bench_2022balkanmop1	1	有向角の交替律	7	0	2667	55	0
bench_2022balkanmop1	1	有向角の加法性	7	0	5828	37	0
bench_2022balkanmop1	1	直角三角形の斜辺の中線	7	0	410	0	0
bench_2022balkanmop1	1	直角三角形の斜辺の中線 (距離版)	7	0	475	0	0
bench_2022balkanmop1	1	直角三角形の斜辺の中線の逆	7	0	41	0	0
bench_2022balkanmop1	1	等しい円周角に対する弦は等しい	6	0	23274	0	0
bench_2022balkanmop1	1	複比の透視射影不変性(点→線束)/対合定理(共点4直線+横断線)	7	0	1349	8	0
bench_2022balkanmop1	1	複比の透視射影不変性(線束→点)	7	0	196	0	0
centroid	0	シュタイナーの定理の逆(射影版・円周角の定理の逆)	41	17	52561	0	0
centroid	0	スパイラル相似(同じ向き)	35	9	30767	0	0
centroid	0	中心角の定理	29	0	435	0	0
centroid	0	中点連結定理	29	0	988	54	0
centroid	0	中点連結定理(長さ)	29	0	519	257	0
centroid	0	二等辺三角形の底角	29	0	426	0	0
centroid	0	二等辺三角形の底角の逆	29	0	14407	0	0
centroid	0	共点二弦の相似(方冪の定理の基礎)	42	14	39320	0	0
centroid	0	円周角の定理の逆	42	14	41438	0	0
centroid	0	同位角による平行判定(右共通)	29	0	132	1	0
centroid	0	同位角による平行判定(左共通)	29	0	131	0	0
centroid	0	垂直二等分線の距離の等価性	29	0	282	108	0
centroid	0	垂直二等分線の距離の等価性の逆	29	0	314	73	0
centroid	0	平行四辺形の対角線は互いに二等分する	29	0	1247	28	0
centroid	0	有向角の交替律	29	0	2591	56	0
centroid	0	有向角の加法性	29	0	19103	99	0
centroid	0	直角三角形の斜辺の中線	29	0	1323	0	0
centroid	0	直角三角形の斜辺の中線 (距離版)	29	0	1484	0	0
centroid	0	直角三角形の斜辺の中線の逆	29	0	219	0	0
centroid	0	複比の透視射影不変性(点→線束)/対合定理(共点4直線+横断線)	29	0	2535	36	0
centroid	0	複比の透視射影不変性(線束→点)	29	0	3433	34	0
circumcenter	1	シュタイナーの定理の逆(射影版・円周角の定理の逆)	1	0	1	0	0
circumcenter	1	スパイラル相似(同じ向き)	1	0	47	0	0
circumcenter	1	中心角の定理	1	0	53	0	0
circumcenter	1	中点連結定理	1	0	25	0	0
circumcenter	1	中点連結定理(長さ)	1	0	25	3	0
circumcenter	1	二等辺三角形の底角	1	0	24	0	0
circumcenter	1	二等辺三角形の底角の逆	1	0	179	0	0
circumcenter	1	共点二弦の相似(方冪の定理の基礎)	1	0	137	0	0
circumcenter	1	円周角の定理の逆	1	0	215	6	0
circumcenter	1	同位角による平行判定(右共通)	1	0	8	0	0
circumcenter	1	同位角による平行判定(左共通)	1	0	8	0	0
circumcenter	1	垂直二等分線の距離の等価性	1	0	66	4	2
circumcenter	1	垂直二等分線の距離の等価性の逆	1	0	58	2	1
circumcenter	1	平行四辺形の対角線は互いに二等分する	1	0	199	0	0
circumcenter	1	有向角の交替律	1	0	8	0	0
circumcenter	1	有向角の加法性	1	0	9	0	0
circumcenter	1	直角三角形の斜辺の中線	1	0	146	0	0
circumcenter	1	直角三角形の斜辺の中線 (距離版)	1	0	257	0	0
circumcenter	1	直角三角形の斜辺の中線の逆	1	0	30	0	0
circumcenter	1	複比の透視射影不変性(点→線束)/対合定理(共点4直線+横断線)	1	0	271	0	0
circumcenter	1	複比の透視射影不変性(線束→点)	1	0	43	0	0
cyclic_quad	1	シュタイナーの定理(二次曲線上の6点の複比不変性)	1	0	1	0	0
cyclic_quad	1	シュタイナーの定理(接線版)/接弦定理(射影版)	1	0	1	0	0
cyclic_quad	1	シュタイナーの定理の逆(射影版・円周角の定理の逆)	1	0	1	0	0
cyclic_quad	1	スパイラル相似(同じ向き)	1	0	86	0	0
cyclic_quad	1	中心角の定理	1	0	5	0	0
cyclic_quad	1	中点連結定理	1	0	1	0	0
cyclic_quad	1	中点連結定理(長さ)	1	0	1	0	0
cyclic_quad	1	二等辺三角形の底角	1	0	3	0	0
cyclic_quad	1	二等辺三角形の底角の逆	1	0	277	0	0
cyclic_quad	1	交わる弦の相似(逆向きのスパイラル相似)	1	0	37	0	0
cyclic_quad	1	共点二弦の相似(方冪の定理の基礎)	1	0	293	0	0
cyclic_quad	1	円周角の定理	1	0	265	4	1
cyclic_quad	1	円周角の定理の逆	1	0	325	3	0
cyclic_quad	1	同位角による平行判定(右共通)	1	0	21	0	0
cyclic_quad	1	同位角による平行判定(左共通)	1	0	21	0	0
cyclic_quad	1	垂直二等分線の距離の等価性	1	0	9	0	0
cyclic_quad	1	垂直二等分線の距離の等価性の逆	1	0	3	0	0
cyclic_quad	1	平行四辺形の対角線は互いに二等分する	1	0	105	0	0
cyclic_quad	1	接弦定理	1	0	1	0	0
cyclic_quad	1	有向角の交替律	1	0	176	0	0
cyclic_quad	1	有向角の加法性	1	0	458	0	0
cyclic_quad	1	直角三角形の斜辺の中線	1	0	42	0	0
cyclic_quad	1	直角三角形の斜辺の中線 (距離版)	1	0	58	0	0
cyclic_quad	1	直角三角形の斜辺の中線の逆	1	0	3	0	0
cyclic_quad	1	等しい円周角に対する弦は等しい	1	0	1354	0	0
cyclic_quad	1	複比の透視射影不変性(点→線束)/対合定理(共点4直線+横断線)	1	0	101	0	0
cyclic_quad	1	複比の透視射影不変性(線束→点)	1	0	17	0	0
desargues	0	シュタイナーの定理の逆(射影版・円周角の定理の逆)	47	13	51050	0	0
desargues	0	スパイラル相似(同じ向き)	46	17	46646	0	0
desargues	0	中心角の定理	35	0	203	0	0
desargues	0	中点連結定理	35	0	844	58	0
desargues	0	中点連結定理(長さ)	35	0	263	30	0
desargues	0	二等辺三角形の底角	35	0	749	0	0
desargues	0	二等辺三角形の底角の逆	35	0	8073	0	0
desargues	0	共点二弦の相似(方冪の定理の基礎)	35	0	21447	0	0
desargues	0	円周角の定理の逆	35	0	31801	0	0
desargues	0	同位角による平行判定(右共通)	35	0	130	0	0
desargues	0	同位角による平行判定(左共通)	35	0	130	0	0
desargues	0	垂直二等分線の距離の等価性	35	0	167	13	0
desargues	0	垂直二等分線の距離の等価性の逆	35	0	159	0	0
desargues	0	平行四辺形の対角線は互いに二等分する	35	0	692	7	0
desargues	0	有向角の交替律	35	0	5650	47	0
desargues	0	有向角の加法性	35	0	21453	333	0
desargues	0	直角三角形の斜辺の中線	35	0	1315	0	0
desargues	0	直角三角形の斜辺の中線 (距離版)	35	0	1436	0	0
desargues	0	直角三角形の斜辺の中線の逆	35	0	129	0	0
desargues	0	複比の透視射影不変性(点→線束)/対合定理(共点4直線+横断線)	35	0	1510	24	0
desargues	0	複比の透視射影不変性(線束→点)	35	0	3143	0	0
miquel	1	シュタイナーの定理(二次曲線上の6点の複比不変性)	4	0	1	0	0
miquel	1	シュタイナーの定理(接線版)/接弦定理(射影版)	4	0	1	0	0
miquel	1	シュタイナーの定理の逆(射影版・円周角の定理の逆)	4	0	1	0	0
miquel	1	スパイラル相似(同じ向き)	4	0	58	0	0
miquel	1	中心角の定理	4	0	3	0	0
miquel	1	中点連結定理	4	0	1	0	0
miquel	1	中点連結定理(長さ)	4	0	1	0	0
miquel	1	二等辺三角形の底角	4	0	2	0	0
miquel	1	二等辺三角形の底角の逆	4	0	156	0	0
miquel	1	交わる弦の相似(逆向きのスパイラル相似)	4	0	109	0	0
miquel	1	共点二弦の相似(方冪の定理の基礎)	4	0	161	0	0
miquel	1	円周角の定理	4	0	261	8	0
miquel	1	円周角の定理の逆	4	0	187	8	0
miquel	1	同位角による平行判定(右共通)	4	0	8	0	0
miquel	1	同位角による平行判定(左共通)	4	0	8	0	0
miquel	1	垂直二等分線の距離の等価性	4	0	12	0	0
miquel	1	垂直二等分線の距離の等価性の逆	4	0	2	0	0
miquel	1	平行四辺形の対角線は互いに二等分する	4	0	141	0	0
miquel	1	接弦定理	4	0	1	0	0
miquel	1	有向角の交替律	4	0	97	0	0
miquel	1	有向角の加法性	4	0	190	2	0
miquel	1	直角三角形の斜辺の中線	4	0	30	0	0
miquel	1	直角三角形の斜辺の中線 (距離版)	4	0	71	0	0
miquel	1	直角三角形の斜辺の中線の逆	4	0	2	0	0
miquel	1	等しい円周角に対する弦は等しい	4	0	802	0	0
miquel	1	複比の透視射影不変性(点→線束)/対合定理(共点4直線+横断線)	4	0	206	0	0
miquel	1	複比の透視射影不変性(線束→点)	4	0	23	0	0
miquel_quadrilateral	1	シュタイナーの定理(二次曲線上の6点の複比不変性)	4	0	1	0	0
miquel_quadrilateral	1	シュタイナーの定理(接線版)/接弦定理(射影版)	4	0	1	0	0
miquel_quadrilateral	1	シュタイナーの定理の逆(射影版・円周角の定理の逆)	4	0	1	0	0
miquel_quadrilateral	1	スパイラル相似(同じ向き)	4	0	192	3	0
miquel_quadrilateral	1	中心角の定理	4	0	4	0	0
miquel_quadrilateral	1	中点連結定理	4	0	1	0	0
miquel_quadrilateral	1	中点連結定理(長さ)	4	0	1	0	0
miquel_quadrilateral	1	二等辺三角形の底角	4	0	2	0	0
miquel_quadrilateral	1	二等辺三角形の底角の逆	4	0	440	0	0
miquel_quadrilateral	1	交わる弦の相似(逆向きのスパイラル相似)	4	0	292	0	0
miquel_quadrilateral	1	共点二弦の相似(方冪の定理の基礎)	4	0	368	0	0
miquel_quadrilateral	1	円周角の定理	4	0	615	24	0
miquel_quadrilateral	1	円周角の定理の逆	4	0	472	10	0
miquel_quadrilateral	1	同位角による平行判定(右共通)	4	0	15	0	0
miquel_quadrilateral	1	同位角による平行判定(左共通)	4	0	15	0	0
miquel_quadrilateral	1	垂直二等分線の距離の等価性	4	0	24	0	0
miquel_quadrilateral	1	垂直二等分線の距離の等価性の逆	4	0	2	0	0
miquel_quadrilateral	1	平行四辺形の対角線は互いに二等分する	4	0	324	0	0
miquel_quadrilateral	1	接弦定理	4	0	1	0	0
miquel_quadrilateral	1	有向角の交替律	4	0	168	0	0
miquel_quadrilateral	1	有向角の加法性	4	0	305	0	0
miquel_quadrilateral	1	直角三角形の斜辺の中線	4	0	85	0	0
miquel_quadrilateral	1	直角三角形の斜辺の中線 (距離版)	4	0	299	0	0
miquel_quadrilateral	1	直角三角形の斜辺の中線の逆	4	0	2	0	0
miquel_quadrilateral	1	等しい円周角に対する弦は等しい	4	0	2854	0	0
miquel_quadrilateral	1	複比の透視射影不変性(点→線束)/対合定理(共点4直線+横断線)	4	0	1013	0	0
miquel_quadrilateral	1	複比の透視射影不変性(線束→点)	4	0	314	0	0
newton_gauss	0	シュタイナーの定理(二次曲線上の6点の複比不変性)	10	0	1	0	0
newton_gauss	0	シュタイナーの定理(接線版)/接弦定理(射影版)	10	0	1	0	0
newton_gauss	0	シュタイナーの定理の逆(射影版・円周角の定理の逆)	48	0	2819	0	0
newton_gauss	0	スパイラル相似(同じ向き)	57	11	36019	0	0
newton_gauss	0	中心角の定理	48	0	317	0	0
newton_gauss	0	中点連結定理	48	0	1276	94	0
newton_gauss	0	中点連結定理(長さ)	48	0	418	154	0
newton_gauss	0	二等辺三角形の底角	48	0	1135	7	0
newton_gauss	0	二等辺三角形の底角の逆	48	0	8342	0	0
newton_gauss	0	交わる弦の相似(逆向きのスパイラル相似)	10	0	310	0	0
newton_gauss	0	共点二弦の相似(方冪の定理の基礎)	55	8	30217	1	0
newton_gauss	0	円周角の定理	10	0	2230	0	0
newton_gauss	0	円周角の定理の逆	55	8	32401	2	0
newton_gauss	0	同位角による平行判定(右共通)	48	0	144	0	0
newton_gauss	0	同位角による平行判定(左共通)	48	0	144	0	0
newton_gauss	0	垂直二等分線の距離の等価性	48	0	288	55	0
newton_gauss	0	垂直二等分線の距離の等価性の逆	48	0	299	2	0
newton_gauss	0	平行四辺形の対角線は互いに二等分する	48	0	1163	16	0
newton_gauss	0	接弦定理	10	0	1	0	0
newton_gauss	0	有向角の交替律	48	0	6381	519	0
newton_gauss	0	有向角の加法性	48	0	20642	389	0
newton_gauss	0	直角三角形の斜辺の中線	48	0	2851	0	0
newton_gauss	0	直角三角形の斜辺の中線 (距離版)	48	0	3081	0	0
newton_gauss	0	直角三角形の斜辺の中線の逆	48	0	236	0	0
newton_gauss	0	等しい円周角に対する弦は等しい	10	0	9521	0	0
newton_gauss	0	複比の透視射影不変性(点→線束)/対合定理(共点4直線+横断線)	48	0	860	5	0
newton_gauss	0	複比の透視射影不変性(線束→点)	48	0	392	0	0
nine_point	1	シュタイナーの定理の逆(射影版・円周角の定理の逆)	2	0	62	0	0
nine_point	1	スパイラル相似(同じ向き)	2	0	9835	0	0
nine_point	1	中心角の定理	2	0	125	4	0
nine_point	1	中点連結定理	2	0	69	2	0
nine_point	1	中点連結定理(長さ)	2	0	55	12	0
nine_point	1	二等辺三角形の底角	2	0	60	2	0
nine_point	1	二等辺三角形の底角の逆	2	0	889	0	0
nine_point	1	共点二弦の相似(方冪の定理の基礎)	2	0	1060	0	0
nine_point	1	円周角の定理の逆	2	0	1854	16	0
nine_point	1	同位角による平行判定(右共通)	2	0	19	0	0
nine_point	1	同位角による平行判定(左共通)	2	0	19	0	0
nine_point	1	垂直二等分線の距離の等価性	2	0	23	0	0
nine_point	1	垂直二等分線の距離の等価性の逆	2	0	42	4	0
nine_point	1	平行四辺形の対角線は互いに二等分する	2	0	627	6	0
nine_point	1	有向角の交替律	2	0	377	4	0
nine_point	1	有向角の加法性	2	0	686	8	0
nine_point	1	直角三角形の斜辺の中線	2	0	230	4	0
nine_point	1	直角三角形の斜辺の中線 (距離版)	2	0	282	2	0
nine_point	1	直角三角形の斜辺の中線の逆	2	0	42	4	0
nine_point	1	複比の透視射影不変性(点→線束)/対合定理(共点4直線+横断線)	2	0	916	2	0
nine_point	1	複比の透視射影不変性(線束→点)	2	0	211	0	0
nine_point_full	1	シュタイナーの定理(二次曲線上の6点の複比不変性)	2	0	1	0	0
nine_point_full	1	シュタイナーの定理(接線版)/接弦定理(射影版)	2	0	1	0	0
nine_point_full	1	シュタイナーの定理の逆(射影版・円周角の定理の逆)	5	2	54669	0	0
nine_point_full	1	スパイラル相似(同じ向き)	7	4	57708	2	0
nine_point_full	1	中心角の定理	3	0	2573	33	0
nine_point_full	1	中点連結定理	3	0	660	9	0
nine_point_full	1	中点連結定理(長さ)	3	0	523	117	0
nine_point_full	1	二等辺三角形の底角	3	0	779	13	0
nine_point_full	1	二等辺三角形の底角の逆	3	0	7884	6	0
nine_point_full	1	交わる弦の相似(逆向きのスパイラル相似)	2	0	8961	146	0
nine_point_full	1	共点二弦の相似(方冪の定理の基礎)	3	0	31203	68	0
nine_point_full	1	円周角の定理	2	0	24432	94	0
nine_point_full	1	円周角の定理の逆	6	3	64150	477	0
nine_point_full	1	同位角による平行判定(右共通)	3	0	72	2	0
nine_point_full	1	同位角による平行判定(左共通)	3	0	68	0	0
nine_point_full	1	垂直二等分線の距離の等価性	3	0	144	9	0
nine_point_full	1	垂直二等分線の距離の等価性の逆	3	0	141	25	0
nine_point_full	1	平行四辺形の対角線は互いに二等分する	3	0	1350	7	0
nine_point_full	1	接弦定理	2	0	1	0	0
nine_point_full	1	有向角の交替律	3	0	6763	207	0
nine_point_full	1	有向角の加法性	3	0	13573	91	0
nine_point_full	1	直角三角形の斜辺の中線	3	0	1883	82	0
nine_point_full	1	直角三角形の斜辺の中線 (距離版)	3	0	2417	33	0
nine_point_full	1	直角三角形の斜辺の中線の逆	3	0	112	18	0
nine_point_full	1	等しい円周角に対する弦は等しい	6	4	66691	0	0
nine_point_full	1	複比の透視射影不変性(点→線束)/対合定理(共点4直線+横断線)	3	0	2718	40	0
nine_point_full	1	複比の透視射影不変性(線束→点)	3	0	2341	1	0
orthic_incenter	1	シュタイナーの定理(二次曲線上の6点の複比不変性)	4	0	1	0	0
orthic_incenter	1	シュタイナーの定理(接線版)/接弦定理(射影版)	4	0	1	0	0
orthic_incenter	1	シュタイナーの定理の逆(射影版・円周角の定理の逆)	5	0	1	0	0
orthic_incenter	1	スパイラル相似(同じ向き)	5	0	332	0	0
orthic_incenter	1	中心角の定理	5	0	11	0	0
orthic_incenter	1	中点連結定理	5	0	1	0	0
orthic_incenter	1	中点連結定理(長さ)	5	0	1	0	0
orthic_incenter	1	二等辺三角形の底角	5	0	5	0	0
orthic_incenter	1	二等辺三角形の底角の逆	5	0	1044	0	0
orthic_incenter	1	交わる弦の相似(逆向きのスパイラル相似)	4	0	892	0	0
orthic_incenter	1	共点二弦の相似(方冪の定理の基礎)	5	0	1897	8	0
orthic_incenter	1	円周角の定理	4	0	1442	16	18
orthic_incenter	1	円周角の定理の逆	5	0	1656	24	3
orthic_incenter	1	同位角による平行判定(右共通)	5	0	28	0	0
orthic_incenter	1	同位角による平行判定(左共通)	5	0	28	0	0
orthic_incenter	1	垂直二等分線の距離の等価性	5	0	26	0	0
orthic_incenter	1	垂直二等分線の距離の等価性の逆	5	0	5	0	0
orthic_incenter	1	平行四辺形の対角線は互いに二等分する	5	0	446	0	0
orthic_incenter	1	接弦定理	4	0	1	0	0
orthic_incenter	1	有向角の交替律	5	0	407	16	6
orthic_incenter	1	有向角の加法性	5	0	806	9	3
orthic_incenter	1	直角三角形の斜辺の中線	5	0	119	0	0
orthic_incenter	1	直角三角形の斜辺の中線 (距離版)	5	0	155	0	0
orthic_incenter	1	直角三角形の斜辺の中線の逆	5	0	6	0	0
orthic_incenter	1	等しい円周角に対する弦は等しい	4	0	11219	0	0
orthic_incenter	1	複比の透視射影不変性(点→線束)/対合定理(共点4直線+横断線)	5	0	1088	0	0
orthic_incenter	1	複比の透視射影不変性(線束→点)	5	0	614	0	0
orthocenter	1	シュタイナーの定理(二次曲線上の6点の複比不変性)	4	0	1	0	0
orthocenter	1	シュタイナーの定理(接線版)/接弦定理(射影版)	4	0	1	0	0
orthocenter	1	シュタイナーの定理の逆(射影版・円周角の定理の逆)	6	0	1	0	0
orthocenter	1	スパイラル相似(同じ向き)	6	0	198	0	0
orthocenter	1	中心角の定理	6	0	8	0	0
orthocenter	1	中点連結定理	6	0	1	0	0
orthocenter	1	中点連結定理(長さ)	6	0	1	0	0
orthocenter	1	二等辺三角形の底角	6	0	4	0	0
orthocenter	1	二等辺三角形の底角の逆	6	0	702	0	0
orthocenter	1	交わる弦の相似(逆向きのスパイラル相似)	4	0	710	0	0
orthocenter	1	共点二弦の相似(方冪の定理の基礎)	6	0	1205	9	0
orthocenter	1	円周角の定理	4	0	1520	22	23
orthocenter	1	円周角の定理の逆	6	0	1034	20	3
orthocenter	1	同位角による平行判定(右共通)	6	0	20	1	3
orthocenter	1	同位角による平行判定(左共通)	6	0	17	0	0
orthocenter	1	垂直二等分線の距離の等価性	6	0	24	0	0
orthocenter	1	垂直二等分線の距離の等価性の逆	6	0	4	0	0
orthocenter	1	平行四辺形の対角線は互いに二等分する	6	0	331	0	0
orthocenter	1	接弦定理	4	0	1	0	0
orthocenter	1	有向角の交替律	6	0	227	3	3
orthocenter	1	有向角の加法性	6	0	596	4	3
orthocenter	1	直角三角形の斜辺の中線	6	0	155	0	0
orthocenter	1	直角三角形の斜辺の中線 (距離版)	6	0	262	0	0
orthocenter	1	直角三角形の斜辺の中線の逆	6	0	4	0	0
orthocenter	1	等しい円周角に対する弦は等しい	4	0	5258	0	0
orthocenter	1	複比の透視射影不変性(点→線束)/対合定理(共点4直線+横断線)	6	0	820	0	0
orthocenter	1	複比の透視射影不変性(線束→点)	6	0	145	0	0
orthocenter_alt	1	シュタイナーの定理(二次曲線上の6点の複比不変性)	4	0	1	0	0
orthocenter_alt	1	シュタイナーの定理(接線版)/接弦定理(射影版)	4	0	1	0	0
orthocenter_alt	1	シュタイナーの定理の逆(射影版・円周角の定理の逆)	6	0	1	0	0
orthocenter_alt	1	スパイラル相似(同じ向き)	6	0	261	0	0
orthocenter_alt	1	中心角の定理	6	0	11	0	0
orthocenter_alt	1	中点連結定理	6	0	1	0	0
orthocenter_alt	1	中点連結定理(長さ)	6	0	1	0	0
orthocenter_alt	1	二等辺三角形の底角	6	0	6	0	0
orthocenter_alt	1	二等辺三角形の底角の逆	6	0	663	0	0
orthocenter_alt	1	交わる弦の相似(逆向きのスパイラル相似)	4	0	641	0	0
orthocenter_alt	1	共点二弦の相似(方冪の定理の基礎)	6	0	1076	6	0
orthocenter_alt	1	円周角の定理	4	0	1492	34	0
orthocenter_alt	1	円周角の定理の逆	6	0	1097	24	0
orthocenter_alt	1	同位角による平行判定(右共通)	6	0	21	1	2
orthocenter_alt	1	同位角による平行判定(左共通)	6	0	19	0	0
orthocenter_alt	1	垂直二等分線の距離の等価性	6	0	22	0	0
orthocenter_alt	1	垂直二等分線の距離の等価性の逆	6	0	6	0	0
orthocenter_alt	1	平行四辺形の対角線は互いに二等分する	6	0	310	0	0
orthocenter_alt	1	接弦定理	4	0	1	0	0
orthocenter_alt	1	有向角の交替律	6	0	260	0	0
orthocenter_alt	1	有向角の加法性	6	0	635	0	0
orthocenter_alt	1	直角三角形の斜辺の中線	6	0	98	0	0
orthocenter_alt	1	直角三角形の斜辺の中線 (距離版)	6	0	125	0	0
orthocenter_alt	1	直角三角形の斜辺の中線の逆	6	0	6	0	0
orthocenter_alt	1	等しい円周角に対する弦は等しい	4	0	6754	0	0
orthocenter_alt	1	複比の透視射影不変性(点→線束)/対合定理(共点4直線+横断線)	6	0	728	0	0
orthocenter_alt	1	複比の透視射影不変性(線束→点)	6	0	275	0	0
pappus	0	シュタイナーの定理の逆(射影版・円周角の定理の逆)	43	7	54068	0	0
pappus	0	スパイラル相似(同じ向き)	42	13	42406	0	0
pappus	0	中心角の定理	37	0	170	0	0
pappus	0	中点連結定理	37	0	842	64	0
pappus	0	中点連結定理(長さ)	37	0	269	53	0
pappus	0	二等辺三角形の底角	37	0	675	0	0
pappus	0	二等辺三角形の底角の逆	37	0	10024	0	0
pappus	0	共点二弦の相似(方冪の定理の基礎)	37	0	23759	0	0
pappus	0	円周角の定理の逆	37	0	36722	0	0
pappus	0	同位角による平行判定(右共通)	37	0	123	0	0
pappus	0	同位角による平行判定(左共通)	37	0	123	0	0
pappus	0	垂直二等分線の距離の等価性	37	0	186	19	0
pappus	0	垂直二等分線の距離の等価性の逆	37	0	164	0	0
pappus	0	平行四辺形の対角線は互いに二等分する	36	0	820	8	0
pappus	0	有向角の交替律	37	0	5492	153	0
pappus	0	有向角の加法性	37	0	19660	261	0
pappus	0	直角三角形の斜辺の中線	37	0	1412	0	0
pappus	0	直角三角形の斜辺の中線 (距離版)	37	0	1553	0	0
pappus	0	直角三角形の斜辺の中線の逆	37	0	139	0	0
pappus	0	複比の透視射影不変性(点→線束)/対合定理(共点4直線+横断線)	37	0	1720	36	0
pappus	0	複比の透視射影不変性(線束→点)	37	0	2947	8	0
pascal	0	シュタイナーの定理(二次曲線上の6点の複比不変性)	28	0	1	0	0
pascal	0	シュタイナーの定理(接線版)/接弦定理(射影版)	28	0	1	0	0
pascal	0	シュタイナーの定理の逆(射影版・円周角の定理の逆)	35	8	33264	0	0
pascal	0	スパイラル相似(同じ向き)	27	0	35638	0	0
pascal	0	中心角の定理	28	0	162	0	0
pascal	0	中点連結定理	28	0	558	44	0
pascal	0	中点連結定理(長さ)	28	0	258	115	0
pascal	0	二等辺三角形の底角	28	0	161	0	0
pascal	0	二等辺三角形の底角の逆	28	0	11462	0	0
pascal	0	交わる弦の相似(逆向きのスパイラル相似)	27	0	182	0	0
pascal	0	共点二弦の相似(方冪の定理の基礎)	28	0	19273	8	0
pascal	0	円周角の定理	28	0	10052	147	0
pascal	0	円周角の定理の逆	28	0	32457	48	0
pascal	0	同位角による平行判定(右共通)	28	0	201	0	0
pascal	0	同位角による平行判定(左共通)	28	0	201	0	0
pascal	0	垂直二等分線の距離の等価性	28	0	118	25	0
pascal	0	垂直二等分線の距離の等価性の逆	28	0	139	1	0
pascal	0	平行四辺形の対角線は互いに二等分する	27	0	918	18	0
pascal	0	接弦定理	28	0	1	0	0
pascal	0	有向角の交替律	28	0	7807	0	0
pascal	0	有向角の加法性	28	0	42501	69	0
pascal	0	直角三角形の斜辺の中線	28	0	1157	0	0
pascal	0	直角三角形の斜辺の中線 (距離版)	28	0	1276	0	0
pascal	0	直角三角形の斜辺の中線の逆	28	0	124	0	0
pascal	0	等しい円周角に対する弦は等しい	38	14	57204	0	0
pascal	0	複比の透視射影不変性(点→線束)/対合定理(共点4直線+横断線)	28	0	2602	42	0
pascal	0	複比の透視射影不変性(線束→点)	28	0	3668	11	0
simson	1	シュタイナーの定理(二次曲線上の6点の複比不変性)	4	0	1	0	0
simson	1	シュタイナーの定理(接線版)/接弦定理(射影版)	4	0	1	0	0
simson	1	シュタイナーの定理の逆(射影版・円周角の定理の逆)	4	0	1	0	0
simson	1	スパイラル相似(同じ向き)	4	0	340	2	0
simson	1	中心角の定理	4	0	3	0	0
simson	1	中点連結定理	4	0	1	0	0
simson	1	中点連結定理(長さ)	4	0	1	0	0
simson	1	二等辺三角形の底角	4	0	2	0	0
simson	1	二等辺三角形の底角の逆	4	0	724	0	0
simson	1	交わる弦の相似(逆向きのスパイラル相似)	4	0	600	0	0
simson	1	共点二弦の相似(方冪の定理の基礎)	4	0	954	0	0
simson	1	円周角の定理	4	0	1437	32	3
simson	1	円周角の定理の逆	4	0	1095	13	1
simson	1	同位角による平行判定(右共通)	4	0	30	2	3
simson	1	同位角による平行判定(左共通)	4	0	26	0	0
simson	1	垂直二等分線の距離の等価性	4	0	23	0	0
simson	1	垂直二等分線の距離の等価性の逆	4	0	2	0	0
simson	1	平行四辺形の対角線は互いに二等分する	4	0	418	0	0
simson	1	接弦定理	4	0	1	0	0
simson	1	有向角の交替律	4	0	396	2	0
simson	1	有向角の加法性	4	0	739	0	0
simson	1	直角三角形の斜辺の中線	4	0	96	0	0
simson	1	直角三角形の斜辺の中線 (距離版)	4	0	119	0	0
simson	1	直角三角形の斜辺の中線の逆	4	0	2	0	0
simson	1	等しい円周角に対する弦は等しい	4	0	5627	0	0
simson	1	複比の透視射影不変性(点→線束)/対合定理(共点4直線+横断線)	4	0	749	0	0
simson	1	複比の透視射影不変性(線束→点)	4	0	326	0	0
tangent_orthic	1	シュタイナーの定理(二次曲線上の6点の複比不変性)	4	0	1	0	0
tangent_orthic	1	シュタイナーの定理(接線版)/接弦定理(射影版)	4	0	1	0	0
tangent_orthic	1	シュタイナーの定理の逆(射影版・円周角の定理の逆)	4	0	1	0	0
tangent_orthic	1	スパイラル相似(同じ向き)	4	0	216	0	0
tangent_orthic	1	中心角の定理	4	0	17	0	0
tangent_orthic	1	中点連結定理	4	0	1	0	0
tangent_orthic	1	中点連結定理(長さ)	4	0	1	0	0
tangent_orthic	1	二等辺三角形の底角	4	0	12	0	0
tangent_orthic	1	二等辺三角形の底角の逆	4	0	533	0	0
tangent_orthic	1	交わる弦の相似(逆向きのスパイラル相似)	4	0	257	0	0
tangent_orthic	1	共点二弦の相似(方冪の定理の基礎)	4	0	475	1	0
tangent_orthic	1	円周角の定理	4	0	450	10	0
tangent_orthic	1	円周角の定理の逆	4	0	523	4	0
tangent_orthic	1	同位角による平行判定(右共通)	4	0	30	1	1
tangent_orthic	1	同位角による平行判定(左共通)	4	0	26	0	0
tangent_orthic	1	垂直二等分線の距離の等価性	4	0	20	0	0
tangent_orthic	1	垂直二等分線の距離の等価性の逆	4	0	10	0	0
tangent_orthic	1	平行四辺形の対角線は互いに二等分する	4	0	266	0	0
tangent_orthic	1	接弦定理	4	0	23	2	0
tangent_orthic	1	有向角の交替律	4	0	347	6	0
tangent_orthic	1	有向角の加法性	4	0	742	0	0
tangent_orthic	1	直角三角形の斜辺の中線	4	0	58	0	0
tangent_orthic	1	直角三角形の斜辺の中線 (距離版)	4	0	72	0	0
tangent_orthic	1	直角三角形の斜辺の中線の逆	4	0	12	0	0
tangent_orthic	1	等しい円周角に対する弦は等しい	4	0	3228	0	0
tangent_orthic	1	複比の透視射影不変性(点→線束)/対合定理(共点4直線+横断線)	4	0	401	0	0
tangent_orthic	1	複比の透視射影不変性(線束→点)	4	0	58	0	0
test_cross_ratio	1	シュタイナーの定理の逆(射影版・円周角の定理の逆)	1	0	1606	0	0
test_cross_ratio	1	スパイラル相似(同じ向き)	1	0	1	0	0
test_cross_ratio	1	中心角の定理	1	0	9	0	0
test_cross_ratio	1	中点連結定理	1	0	1	0	0
test_cross_ratio	1	中点連結定理(長さ)	1	0	1	0	0
test_cross_ratio	1	二等辺三角形の底角	1	0	5	0	0
test_cross_ratio	1	二等辺三角形の底角の逆	1	0	1	0	0
test_cross_ratio	1	共点二弦の相似(方冪の定理の基礎)	1	0	1	0	0
test_cross_ratio	1	円周角の定理の逆	1	0	1	0	0
test_cross_ratio	1	同位角による平行判定(右共通)	1	0	1	0	0
test_cross_ratio	1	同位角による平行判定(左共通)	1	0	1	0	0
test_cross_ratio	1	垂直二等分線の距離の等価性	1	0	29	0	0
test_cross_ratio	1	垂直二等分線の距離の等価性の逆	1	0	5	0	0
test_cross_ratio	1	平行四辺形の対角線は互いに二等分する	1	0	389	0	0
test_cross_ratio	1	有向角の交替律	1	0	1	0	0
test_cross_ratio	1	有向角の加法性	1	0	1	0	0
test_cross_ratio	1	直角三角形の斜辺の中線	1	0	2	0	0
test_cross_ratio	1	直角三角形の斜辺の中線 (距離版)	1	0	2	0	0
test_cross_ratio	1	直角三角形の斜辺の中線の逆	1	0	5	0	0
test_cross_ratio	1	複比の透視射影不変性(点→線束)/対合定理(共点4直線+横断線)	1	0	1715	2	1
test_cross_ratio	1	複比の透視射影不変性(線束→点)	1	0	705	10	0
test_involution	1	シュタイナーの定理の逆(射影版・円周角の定理の逆)	1	0	1606	0	0
test_involution	1	スパイラル相似(同じ向き)	1	0	1	0	0
test_involution	1	中心角の定理	1	0	9	0	0
test_involution	1	中点連結定理	1	0	1	0	0
test_involution	1	中点連結定理(長さ)	1	0	1	0	0
test_involution	1	二等辺三角形の底角	1	0	5	0	0
test_involution	1	二等辺三角形の底角の逆	1	0	1	0	0
test_involution	1	共点二弦の相似(方冪の定理の基礎)	1	0	1	0	0
test_involution	1	円周角の定理の逆	1	0	1	0	0
test_involution	1	同位角による平行判定(右共通)	1	0	1	0	0
test_involution	1	同位角による平行判定(左共通)	1	0	1	0	0
test_involution	1	垂直二等分線の距離の等価性	1	0	29	0	0
test_involution	1	垂直二等分線の距離の等価性の逆	1	0	5	0	0
test_involution	1	平行四辺形の対角線は互いに二等分する	1	0	389	0	0
test_involution	1	有向角の交替律	1	0	1	0	0
test_involution	1	有向角の加法性	1	0	1	0	0
test_involution	1	直角三角形の斜辺の中線	1	0	678	0	0
test_involution	1	直角三角形の斜辺の中線 (距離版)	1	0	2286	0	0
test_involution	1	直角三角形の斜辺の中線の逆	1	0	5	0	0
test_involution	1	複比の透視射影不変性(点→線束)/対合定理(共点4直線+横断線)	1	0	1715	2	1
test_involution	1	複比の透視射影不変性(線束→点)	1	0	705	10	0
test_isosceles_converse	1	シュタイナーの定理の逆(射影版・円周角の定理の逆)	1	0	1	0	0
test_isosceles_converse	1	スパイラル相似(同じ向き)	1	0	40	0	0
test_isosceles_converse	1	中心角の定理	1	0	13	0	0
test_isosceles_converse	1	中点連結定理	1	0	1	0	0
test_isosceles_converse	1	中点連結定理(長さ)	1	0	1	0	0
test_isosceles_converse	1	二等辺三角形の底角	1	0	13	0	1
test_isosceles_converse	1	二等辺三角形の底角の逆	1	0	64	1	1
test_isosceles_converse	1	共点二弦の相似(方冪の定理の基礎)	1	0	54	0	0
test_isosceles_converse	1	円周角の定理の逆	1	0	46	0	0
test_isosceles_converse	1	同位角による平行判定(右共通)	1	0	6	0	0
test_isosceles_converse	1	同位角による平行判定(左共通)	1	0	6	0	0
test_isosceles_converse	1	垂直二等分線の距離の等価性	1	0	7	0	0
test_isosceles_converse	1	垂直二等分線の距離の等価性の逆	1	0	9	0	0
test_isosceles_converse	1	平行四辺形の対角線は互いに二等分する	1	0	79	0	0
test_isosceles_converse	1	有向角の交替律	1	0	24	0	0
test_isosceles_converse	1	有向角の加法性	1	0	27	0	0
test_isosceles_converse	1	直角三角形の斜辺の中線	1	0	32	0	0
test_isosceles_converse	1	直角三角形の斜辺の中線 (距離版)	1	0	44	0	0
test_isosceles_converse	1	直角三角形の斜辺の中線の逆	1	0	8	0	0
test_isosceles_converse	1	複比の透視射影不変性(点→線束)/対合定理(共点4直線+横断線)	1	0	76	0	0
test_isosceles_converse	1	複比の透視射影不変性(線束→点)	1	0	13	0	0
test_parallel	1	シュタイナーの定理の逆(射影版・円周角の定理の逆)	1	0	1	0	0
test_parallel	1	スパイラル相似(同じ向き)	1	0	8	0	0
test_parallel	1	中心角の定理	1	0	5	0	0
test_parallel	1	中点連結定理	1	0	1	0	0
test_parallel	1	中点連結定理(長さ)	1	0	1	0	0
test_parallel	1	二等辺三角形の底角	1	0	3	0	0
test_parallel	1	二等辺三角形の底角の逆	1	0	8	0	0
test_parallel	1	共点二弦の相似(方冪の定理の基礎)	1	0	8	0	0
test_parallel	1	円周角の定理の逆	1	0	8	0	0
test_parallel	1	同位角による平行判定(右共通)	1	0	10	1	1
test_parallel	1	同位角による平行判定(左共通)	1	0	6	0	0
test_parallel	1	垂直二等分線の距離の等価性	1	0	7	0	0
test_parallel	1	垂直二等分線の距離の等価性の逆	1	0	3	0	0
test_parallel	1	平行四辺形の対角線は互いに二等分する	1	0	39	0	0
test_parallel	1	有向角の交替律	1	0	6	0	0
test_parallel	1	有向角の加法性	1	0	7	0	0
test_parallel	1	直角三角形の斜辺の中線	1	0	8	0	0
test_parallel	1	直角三角形の斜辺の中線 (距離版)	1	0	20	0	0
test_parallel	1	直角三角形の斜辺の中線の逆	1	0	3	0	0
test_parallel	1	複比の透視射影不変性(点→線束)/対合定理(共点4直線+横断線)	1	0	28	0	0
test_parallel	1	複比の透視射影不変性(線束→点)	1	0	7	0	0
test_power_of_point	1	シュタイナーの定理(二次曲線上の6点の複比不変性)	1	0	1	0	0
test_power_of_point	1	シュタイナーの定理(接線版)/接弦定理(射影版)	1	0	1	0	0
test_power_of_point	1	シュタイナーの定理の逆(射影版・円周角の定理の逆)	1	0	1	0	0
test_power_of_point	1	スパイラル相似(同じ向き)	1	0	106	0	0
test_power_of_point	1	中心角の定理	1	0	15	0	0
test_power_of_point	1	中点連結定理	1	0	1	0	0
test_power_of_point	1	中点連結定理(長さ)	1	0	1	0	0
test_power_of_point	1	二等辺三角形の底角	1	0	12	0	0
test_power_of_point	1	二等辺三角形の底角の逆	1	0	365	0	0
test_power_of_point	1	交わる弦の相似(逆向きのスパイラル相似)	1	0	113	0	0
test_power_of_point	1	共点二弦の相似(方冪の定理の基礎)	1	0	357	1	1
test_power_of_point	1	円周角の定理	1	0	265	4	1
test_power_of_point	1	円周角の定理の逆	1	0	405	3	0
test_power_of_point	1	同位角による平行判定(右共通)	1	0	21	0	0
test_power_of_point	1	同位角による平行判定(左共通)	1	0	21	0	0
test_power_of_point	1	垂直二等分線の距離の等価性	1	0	11	0	0
test_power_of_point	1	垂直二等分線の距離の等価性の逆	1	0	12	0	0
test_power_of_point	1	平行四辺形の対角線は互いに二等分する	1	0	127	0	0
test_power_of_point	1	接弦定理	1	0	1	0	0
test_power_of_point	1	有向角の交替律	1	0	176	0	0
test_power_of_point	1	有向角の加法性	1	0	458	0	0
test_power_of_point	1	直角三角形の斜辺の中線	1	0	68	0	0
test_power_of_point	1	直角三角形の斜辺の中線 (距離版)	1	0	132	0	0
test_power_of_point	1	直角三角形の斜辺の中線の逆	1	0	10	0	0
test_power_of_point	1	等しい円周角に対する弦は等しい	1	0	1466	0	0
test_power_of_point	1	複比の透視射影不変性(点→線束)/対合定理(共点4直線+横断線)	1	0	137	0	0
test_power_of_point	1	複比の透視射影不変性(線束→点)	1	0	21	0	0
test_right_midpoint	1	シュタイナーの定理の逆(射影版・円周角の定理の逆)	2	0	1	0	0
test_right_midpoint	1	スパイラル相似(同じ向き)	2	0	526	0	0
test_right_midpoint	1	中心角の定理	2	0	64	4	0
test_right_midpoint	1	中点連結定理	2	0	15	0	4
test_right_midpoint	1	中点連結定理(長さ)	2	0	14	3	4
test_right_midpoint	1	二等辺三角形の底角	2	0	41	3	3
test_right_midpoint	1	二等辺三角形の底角の逆	2	0	674	0	0
test_right_midpoint	1	共点二弦の相似(方冪の定理の基礎)	2	0	486	0	0
test_right_midpoint	1	円周角の定理の逆	2	0	532	2	0
test_right_midpoint	1	同位角による平行判定(右共通)	2	0	28	2	0
test_right_midpoint	1	同位角による平行判定(左共通)	2	0	24	0	0
test_right_midpoint	1	垂直二等分線の距離の等価性	2	0	18	0	0
test_right_midpoint	1	垂直二等分線の距離の等価性の逆	2	0	16	2	0
test_right_midpoint	1	平行四辺形の対角線は互いに二等分する	2	0	259	1	0
test_right_midpoint	1	有向角の交替律	2	0	342	3	2
test_right_midpoint	1	有向角の加法性	2	0	1656	1	0
test_right_midpoint	1	直角三角形の斜辺の中線	2	0	125	1	6
test_right_midpoint	1	直角三角形の斜辺の中線 (距離版)	2	0	190	1	1
test_right_midpoint	1	直角三角形の斜辺の中線の逆	2	0	22	1	5
test_right_midpoint	1	複比の透視射影不変性(点→線束)/対合定理(共点4直線+横断線)	2	0	256	0	0
test_right_midpoint	1	複比の透視射影不変性(線束→点)	2	0	123	0	0
test_spiral_similarity	1	シュタイナーの定理の逆(射影版・円周角の定理の逆)	1	0	1	0	0
test_spiral_similarity	1	スパイラル相似(同じ向き)	1	0	410	3	1
test_spiral_similarity	1	中心角の定理	1	0	25	0	0
test_spiral_similarity	1	中点連結定理	1	0	5	0	0
test_spiral_similarity	1	中点連結定理(長さ)	1	0	5	0	0
test_spiral_similarity	1	二等辺三角形の底角	1	0	13	0	0
test_spiral_similarity	1	二等辺三角形の底角の逆	1	0	360	0	0
test_spiral_similarity	1	共点二弦の相似(方冪の定理の基礎)	1	0	190	0	0
test_spiral_similarity	1	円周角の定理の逆	1	0	204	0	0
test_spiral_similarity	1	同位角による平行判定(右共通)	1	0	22	0	0
test_spiral_similarity	1	同位角による平行判定(左共通)	1	0	22	0	0
test_spiral_similarity	1	垂直二等分線の距離の等価性	1	0	19	0	0
test_spiral_similarity	1	垂直二等分線の距離の等価性の逆	1	0	21	0	0
test_spiral_similarity	1	平行四辺形の対角線は互いに二等分する	1	0	211	0	0
test_spiral_similarity	1	有向角の交替律	1	0	82	0	0
test_spiral_similarity	1	有向角の加法性	1	0	276	4	0
test_spiral_similarity	1	直角三角形の斜辺の中線	1	0	46	0	0
test_spiral_similarity	1	直角三角形の斜辺の中線 (距離版)	1	0	54	0	0
test_spiral_similarity	1	直角三角形の斜辺の中線の逆	1	0	17	0	0
test_spiral_similarity	1	複比の透視射影不変性(点→線束)/対合定理(共点4直線+横断線)	1	0	319	0	0
test_spiral_similarity	1	複比の透視射影不変性(線束→点)	1	0	133	0	0
test_steiner	1	シュタイナーの定理(二次曲線上の6点の複比不変性)	1	0	176	1	1
test_steiner	1	シュタイナーの定理(接線版)/接弦定理(射影版)	1	0	3	0	0
test_steiner	1	シュタイナーの定理の逆(射影版・円周角の定理の逆)	1	0	458	3	0
test_steiner	1	スパイラル相似(同じ向き)	1	0	1	0	0
test_steiner	1	中心角の定理	1	0	9	0	0
test_steiner	1	中点連結定理	1	0	1	0	0
test_steiner	1	中点連結定理(長さ)	1	0	1	0	0
test_steiner	1	二等辺三角形の底角	1	0	5	0	0
test_steiner	1	二等辺三角形の底角の逆	1	0	1	0	0
test_steiner	1	交わる弦の相似(逆向きのスパイラル相似)	1	0	1	0	0
test_steiner	1	共点二弦の相似(方冪の定理の基礎)	1	0	1	0	0
test_steiner	1	円周角の定理	1	0	1	0	0
test_steiner	1	円周角の定理の逆	1	0	1	0	0
test_steiner	1	同位角による平行判定(右共通)	1	0	1	0	0
test_steiner	1	同位角による平行判定(左共通)	1	0	1	0	0
test_steiner	1	垂直二等分線の距離の等価性	1	0	17	0	0
test_steiner	1	垂直二等分線の距離の等価性の逆	1	0	5	0	0
test_steiner	1	平行四辺形の対角線は互いに二等分する	1	0	170	0	0
test_steiner	1	接弦定理	1	0	1	0	0
test_steiner	1	有向角の交替律	1	0	1	0	0
test_steiner	1	有向角の加法性	1	0	1	0	0
test_steiner	1	直角三角形の斜辺の中線	1	0	2	0	0
test_steiner	1	直角三角形の斜辺の中線 (距離版)	1	0	2	0	0
test_steiner	1	直角三角形の斜辺の中線の逆	1	0	5	0	0
test_steiner	1	等しい円周角に対する弦は等しい	1	0	1	0	0
test_steiner	1	複比の透視射影不変性(点→線束)/対合定理(共点4直線+横断線)	1	0	134	0	0
test_steiner	1	複比の透視射影不変性(線束→点)	1	0	57	0	0
test_steiner_converse	1	シュタイナーの定理(二次曲線上の6点の複比不変性)	1	0	146	0	0
test_steiner_converse	1	シュタイナーの定理(接線版)/接弦定理(射影版)	1	0	3	0	0
test_steiner_converse	1	シュタイナーの定理の逆(射影版・円周角の定理の逆)	1	0	458	4	0
test_steiner_converse	1	スパイラル相似(同じ向き)	1	0	1	0	0
test_steiner_converse	1	中心角の定理	1	0	7	0	0
test_steiner_converse	1	中点連結定理	1	0	1	0	0
test_steiner_converse	1	中点連結定理(長さ)	1	0	1	0	0
test_steiner_converse	1	二等辺三角形の底角	1	0	4	0	0
test_steiner_converse	1	二等辺三角形の底角の逆	1	0	1	0	0
test_steiner_converse	1	交わる弦の相似(逆向きのスパイラル相似)	1	0	1	0	0
test_steiner_converse	1	共点二弦の相似(方冪の定理の基礎)	1	0	1	0	0
test_steiner_converse	1	円周角の定理	1	0	1	0	0
test_steiner_converse	1	円周角の定理の逆	1	0	1	0	0
test_steiner_converse	1	同位角による平行判定(右共通)	1	0	1	0	0
test_steiner_converse	1	同位角による平行判定(左共通)	1	0	1	0	0
test_steiner_converse	1	垂直二等分線の距離の等価性	1	0	17	0	0
test_steiner_converse	1	垂直二等分線の距離の等価性の逆	1	0	4	0	0
test_steiner_converse	1	平行四辺形の対角線は互いに二等分する	1	0	170	0	0
test_steiner_converse	1	接弦定理	1	0	1	0	0
test_steiner_converse	1	有向角の交替律	1	0	1	0	0
test_steiner_converse	1	有向角の加法性	1	0	1	0	0
test_steiner_converse	1	直角三角形の斜辺の中線	1	0	2	0	0
test_steiner_converse	1	直角三角形の斜辺の中線 (距離版)	1	0	2	0	0
test_steiner_converse	1	直角三角形の斜辺の中線の逆	1	0	4	0	0
test_steiner_converse	1	等しい円周角に対する弦は等しい	1	0	1	0	0
test_steiner_converse	1	複比の透視射影不変性(点→線束)/対合定理(共点4直線+横断線)	1	0	134	0	0
test_steiner_converse	1	複比の透視射影不変性(線束→点)	1	0	57	0	0
test_steiner_tangent	1	シュタイナーの定理(二次曲線上の6点の複比不変性)	1	0	146	0	0
test_steiner_tangent	1	シュタイナーの定理(接線版)/接弦定理(射影版)	1	0	13	1	1
test_steiner_tangent	1	シュタイナーの定理の逆(射影版・円周角の定理の逆)	1	0	201	0	0
test_steiner_tangent	1	スパイラル相似(同じ向き)	1	0	1	0	0
test_steiner_tangent	1	中心角の定理	1	0	9	0	0
test_steiner_tangent	1	中点連結定理	1	0	1	0	0
test_steiner_tangent	1	中点連結定理(長さ)	1	0	1	0	0
test_steiner_tangent	1	二等辺三角形の底角	1	0	5	0	0
test_steiner_tangent	1	二等辺三角形の底角の逆	1	0	1	0	0
test_steiner_tangent	1	交わる弦の相似(逆向きのスパイラル相似)	1	0	1	0	0
test_steiner_tangent	1	共点二弦の相似(方冪の定理の基礎)	1	0	1	0	0
test_steiner_tangent	1	円周角の定理	1	0	1	0	0
test_steiner_tangent	1	円周角の定理の逆	1	0	1	0	0
test_steiner_tangent	1	同位角による平行判定(右共通)	1	0	1	0	0
test_steiner_tangent	1	同位角による平行判定(左共通)	1	0	1	0	0
test_steiner_tangent	1	垂直二等分線の距離の等価性	1	0	16	0	0
test_steiner_tangent	1	垂直二等分線の距離の等価性の逆	1	0	5	0	0
test_steiner_tangent	1	平行四辺形の対角線は互いに二等分する	1	0	147	0	0
test_steiner_tangent	1	接弦定理	1	0	3	0	1
test_steiner_tangent	1	有向角の交替律	1	0	1	0	0
test_steiner_tangent	1	有向角の加法性	1	0	1	0	0
test_steiner_tangent	1	直角三角形の斜辺の中線	1	0	2	0	0
test_steiner_tangent	1	直角三角形の斜辺の中線 (距離版)	1	0	2	0	0
test_steiner_tangent	1	直角三角形の斜辺の中線の逆	1	0	5	0	0
test_steiner_tangent	1	等しい円周角に対する弦は等しい	1	0	1	0	0
test_steiner_tangent	1	複比の透視射影不変性(点→線束)/対合定理(共点4直線+横断線)	1	0	111	0	0
test_steiner_tangent	1	複比の透視射影不変性(線束→点)	1	0	73	0	0
thales	1	シュタイナーの定理の逆(射影版・円周角の定理の逆)	1	0	1	0	0
thales	1	スパイラル相似(同じ向き)	1	0	248	0	0
thales	1	中心角の定理	1	0	45	0	0
thales	1	中点連結定理	1	0	25	0	3
thales	1	中点連結定理(長さ)	1	0	25	3	3
thales	1	二等辺三角形の底角	1	0	19	0	0
thales	1	二等辺三角形の底角の逆	1	0	385	0	0
thales	1	共点二弦の相似(方冪の定理の基礎)	1	0	299	0	0
thales	1	円周角の定理の逆	1	0	341	2	0
thales	1	同位角による平行判定(右共通)	1	0	11	0	0
thales	1	同位角による平行判定(左共通)	1	0	11	0	0
thales	1	垂直二等分線の距離の等価性	1	0	8	0	0
thales	1	垂直二等分線の距離の等価性の逆	1	0	22	2	0
thales	1	平行四辺形の対角線は互いに二等分する	1	0	184	0	0
thales	1	有向角の交替律	1	0	100	4	3
thales	1	有向角の加法性	1	0	141	0	0
thales	1	直角三角形の斜辺の中線	1	0	142	0	13
thales	1	直角三角形の斜辺の中線 (距離版)	1	0	248	0	0
thales	1	直角三角形の斜辺の中線の逆	1	0	29	2	13
thales	1	複比の透視射影不変性(点→線束)/対合定理(共点4直線+横断線)	1	0	375	0	0
thales	1	複比の透視射影不変性(線束→点)	1	0	58	0	0
two_circles_reim	1	シュタイナーの定理(二次曲線上の6点の複比不変性)	2	0	1	0	0
two_circles_reim	1	シュタイナーの定理(接線版)/接弦定理(射影版)	2	0	1	0	0
two_circles_reim	1	シュタイナーの定理の逆(射影版・円周角の定理の逆)	2	0	1	0	0
two_circles_reim	1	スパイラル相似(同じ向き)	2	0	104	0	0
two_circles_reim	1	中心角の定理	2	0	5	0	0
two_circles_reim	1	中点連結定理	2	0	1	0	0
two_circles_reim	1	中点連結定理(長さ)	2	0	1	0	0
two_circles_reim	1	二等辺三角形の底角	2	0	3	0	0
two_circles_reim	1	二等辺三角形の底角の逆	2	0	259	0	0
two_circles_reim	1	交わる弦の相似(逆向きのスパイラル相似)	2	0	74	0	0
two_circles_reim	1	共点二弦の相似(方冪の定理の基礎)	2	0	225	0	0
two_circles_reim	1	円周角の定理	2	0	370	8	1
two_circles_reim	1	円周角の定理の逆	2	0	301	6	0
two_circles_reim	1	同位角による平行判定(右共通)	2	0	23	1	1
two_circles_reim	1	同位角による平行判定(左共通)	2	0	15	0	0
two_circles_reim	1	垂直二等分線の距離の等価性	2	0	12	0	0
two_circles_reim	1	垂直二等分線の距離の等価性の逆	2	0	3	0	0
two_circles_reim	1	平行四辺形の対角線は互いに二等分する	2	0	165	0	0
two_circles_reim	1	接弦定理	2	0	1	0	0
two_circles_reim	1	有向角の交替律	2	0	212	0	0
two_circles_reim	1	有向角の加法性	2	0	726	0	0
two_circles_reim	1	直角三角形の斜辺の中線	2	0	27	0	0
two_circles_reim	1	直角三角形の斜辺の中線 (距離版)	2	0	56	0	0
two_circles_reim	1	直角三角形の斜辺の中線の逆	2	0	3	0	0
two_circles_reim	1	等しい円周角に対する弦は等しい	2	0	1232	0	0
two_circles_reim	1	複比の透視射影不変性(点→線束)/対合定理(共点4直線+横断線)	2	0	156	0	0
two_circles_reim	1	複比の透視射影不変性(線束→点)	2	0	22	0	0
varignon	1	シュタイナーの定理の逆(射影版・円周角の定理の逆)	2	0	1	0	0
varignon	1	スパイラル相似(同じ向き)	2	0	65	0	0
varignon	1	中心角の定理	2	0	40	0	0
varignon	1	中点連結定理	2	0	36	2	2
varignon	1	中点連結定理(長さ)	2	0	17	0	0
varignon	1	二等辺三角形の底角	2	0	22	0	0
varignon	1	二等辺三角形の底角の逆	2	0	114	0	0
varignon	1	共点二弦の相似(方冪の定理の基礎)	2	0	65	0	0
varignon	1	円周角の定理の逆	2	0	58	0	0
varignon	1	同位角による平行判定(右共通)	2	0	9	0	0
varignon	1	同位角による平行判定(左共通)	2	0	9	0	0
varignon	1	垂直二等分線の距離の等価性	2	0	40	0	0
varignon	1	垂直二等分線の距離の等価性の逆	2	0	34	0	0
varignon	1	平行四辺形の対角線は互いに二等分する	2	0	512	0	0
varignon	1	有向角の交替律	2	0	9	0	0
varignon	1	有向角の加法性	2	0	10	0	0
varignon	1	直角三角形の斜辺の中線	2	0	55	0	0
varignon	1	直角三角形の斜辺の中線 (距離版)	2	0	62	0	0
varignon	1	直角三角形の斜辺の中線の逆	2	0	27	0	0
varignon	1	複比の透視射影不変性(点→線束)/対合定理(共点4直線+横断線)	2	0	706	0	0
varignon	1	複比の透視射影不変性(線束→点)	2	0	74	0	0
