bench_2000usatstp2	0	シュタイナーの定理(二次曲線上の6点の複比不変性)	37	0	1	0	0
bench_2000usatstp2	0	シュタイナーの定理(接線版)/接弦定理(射影版)	37	0	1	0	0
bench_2000usatstp2	0	シュタイナーの定理の逆(射影版・円周角の定理の逆)	37	0	8366	0	0
bench_2000usatstp2	0	中心角の定理	37	0	564	8	0
bench_2000usatstp2	0	中点連結定理	37	0	387	25	0
bench_2000usatstp2	0	中点連結定理(長さ)	37	0	154	46	0
bench_2000usatstp2	0	二等辺三角形の底角	37	0	1609	4	0
bench_2000usatstp2	0	二等辺三角形の底角の逆	37	0	12756	2	0
bench_2000usatstp2	0	円周角の定理	43	6	29494	120	0
bench_2000usatstp2	0	円周角の定理の逆	37	0	33614	156	0
bench_2000usatstp2	0	同位角による平行判定(右共通)	37	0	241	3	0
bench_2000usatstp2	0	同位角による平行判定(左共通)	37	0	240	0	0
bench_2000usatstp2	0	垂直二等分線の距離の等価性	37	0	146	17	0
bench_2000usatstp2	0	垂直二等分線の距離の等価性の逆	37	0	196	7	0
bench_2000usatstp2	0	接弦定理	37	0	1	0	0
bench_2000usatstp2	0	有向角の交替律	37	0	14751	287	0
bench_2000usatstp2	0	有向角の加法性	44	10	63004	278	0
bench_2000usatstp2	0	直角三角形の斜辺の中線	37	0	1043	4	0
bench_2000usatstp2	0	直角三角形の斜辺の中線 (距離版)	37	0	1323	2	0
bench_2000usatstp2	0	直角三角形の斜辺の中線の逆	37	0	154	4	0
bench_2000usatstp2	0	複比の透視射影不変性(点→線束)/対合定理(共点4直線+横断線)	37	0	1832	27	0
bench_2000usatstp2	0	複比の透視射影不変性(線束→点)	37	0	760	0	0
bench_2005ctstp1	1	シュタイナーの定理(二次曲線上の6点の複比不変性)	6	0	1	0	0
bench_2005ctstp1	1	シュタイナーの定理(接線版)/接弦定理(射影版)	6	0	1	0	0
bench_2005ctstp1	1	シュタイナーの定理の逆(射影版・円周角の定理の逆)	7	0	1	0	0
bench_2005ctstp1	1	中心角の定理	7	0	3	0	0
bench_2005ctstp1	1	中点連結定理	7	0	1	0	0
bench_2005ctstp1	1	中点連結定理(長さ)	7	0	1	0	0
bench_2005ctstp1	1	二等辺三角形の底角	7	0	2	0	0
bench_2005ctstp1	1	二等辺三角形の底角の逆	7	0	952	0	0
bench_2005ctstp1	1	円周角の定理	6	0	5219	105	54
bench_2005ctstp1	1	円周角の定理の逆	7	0	1859	61	11
bench_2005ctstp1	1	同位角による平行判定(右共通)	7	0	35	0	0
bench_2005ctstp1	1	同位角による平行判定(左共通)	7	0	35	0	0
bench_2005ctstp1	1	垂直二等分線の距離の等価性	7	0	19	0	0
bench_2005ctstp1	1	垂直二等分線の距離の等価性の逆	7	0	2	0	0
bench_2005ctstp1	1	接弦定理	6	0	1	0	0
bench_2005ctstp1	1	有向角の交替律	7	0	1028	41	4
bench_2005ctstp1	1	有向角の加法性	7	0	904	6	0
bench_2005ctstp1	1	直角三角形の斜辺の中線	7	0	219	0	0
bench_2005ctstp1	1	直角三角形の斜辺の中線 (距離版)	7	0	261	0	0
bench_2005ctstp1	1	直角三角形の斜辺の中線の逆	7	0	2	0	0
bench_2005ctstp1	1	複比の透視射影不変性(点→線束)/対合定理(共点4直線+横断線)	7	0	594	0	0
bench_2005ctstp1	1	複比の透視射影不変性(線束→点)	7	0	235	0	0
bench_2005usamop3	1	シュタイナーの定理(二次曲線上の6点の複比不変性)	5	0	1	0	0
bench_2005usamop3	1	シュタイナーの定理(接線版)/接弦定理(射影版)	5	0	1	0	0
bench_2005usamop3	1	シュタイナーの定理の逆(射影版・円周角の定理の逆)	5	0	1	0	0
bench_2005usamop3	1	中心角の定理	5	0	4	0	0
bench_2005usamop3	1	中点連結定理	5	0	1	0	0
bench_2005usamop3	1	中点連結定理(長さ)	5	0	1	0	0
bench_2005usamop3	1	二等辺三角形の底角	5	0	3	0	0
bench_2005usamop3	1	二等辺三角形の底角の逆	5	0	685	0	0
bench_2005usamop3	1	円周角の定理	5	0	594	16	4
bench_2005usamop3	1	円周角の定理の逆	5	0	786	8	1
bench_2005usamop3	1	同位角による平行判定(右共通)	5	0	26	1	1
bench_2005usamop3	1	同位角による平行判定(左共通)	5	0	12	0	0
bench_2005usamop3	1	垂直二等分線の距離の等価性	5	0	17	0	0
bench_2005usamop3	1	垂直二等分線の距離の等価性の逆	5	0	3	0	0
bench_2005usamop3	1	接弦定理	5	0	1	0	0
bench_2005usamop3	1	有向角の交替律	5	0	327	0	0
bench_2005usamop3	1	有向角の加法性	5	0	1288	0	0
bench_2005usamop3	1	直角三角形の斜辺の中線	5	0	17	0	0
bench_2005usamop3	1	直角三角形の斜辺の中線 (距離版)	5	0	36	0	0
bench_2005usamop3	1	直角三角形の斜辺の中線の逆	5	0	3	0	0
bench_2005usamop3	1	複比の透視射影不変性(点→線束)/対合定理(共点4直線+横断線)	5	0	225	0	0
bench_2005usamop3	1	複比の透視射影不変性(線束→点)	5	0	45	0	0
bench_2008armog10p6	0	シュタイナーの定理(二次曲線上の6点の複比不変性)	23	0	1	0	0
bench_2008armog10p6	0	シュタイナーの定理(接線版)/接弦定理(射影版)	23	0	1	0	0
bench_2008armog10p6	0	シュタイナーの定理の逆(射影版・円周角の定理の逆)	24	0	2633	0	0
bench_2008armog10p6	0	中心角の定理	24	0	779	19	0
bench_2008armog10p6	0	中点連結定理	25	0	369	12	0
bench_2008armog10p6	0	中点連結定理(長さ)	24	0	194	38	0
bench_2008armog10p6	0	二等辺三角形の底角	25	0	562	20	0
bench_2008armog10p6	0	二等辺三角形の底角の逆	25	0	10840	0	0
bench_2008armog10p6	0	円周角の定理	24	0	30099	113	0
bench_2008armog10p6	0	円周角の定理の逆	25	0	35024	135	0
bench_2008armog10p6	0	同位角による平行判定(右共通)	24	0	89	0	0
bench_2008armog10p6	0	同位角による平行判定(左共通)	24	0	89	0	0
bench_2008armog10p6	0	垂直二等分線の距離の等価性	25	0	139	9	0
bench_2008armog10p6	0	垂直二等分線の距離の等価性の逆	25	0	134	16	0
bench_2008armog10p6	0	接弦定理	24	0	1	0	0
bench_2008armog10p6	0	有向角の交替律	24	0	3035	53	0
bench_2008armog10p6	0	有向角の加法性	24	0	14967	110	0
bench_2008armog10p6	0	直角三角形の斜辺の中線	24	0	863	8	0
bench_2008armog10p6	0	直角三角形の斜辺の中線 (距離版)	24	0	1283	4	0
bench_2008armog10p6	0	直角三角形の斜辺の中線の逆	24	0	98	8	0
bench_2008armog10p6	0	複比の透視射影不変性(点→線束)/対合定理(共点4直線+横断線)	24	0	1413	10	0
bench_2008armog10p6	0	複比の透視射影不変性(線束→点)	24	0	547	0	0
bench_2010g1	1	シュタイナーの定理(二次曲線上の6点の複比不変性)	8	0	1	0	0
bench_2010g1	1	シュタイナーの定理(接線版)/接弦定理(射影版)	8	0	1	0	0
bench_2010g1	1	シュタイナーの定理の逆(射影版・円周角の定理の逆)	8	0	1	0	0
bench_2010g1	1	中心角の定理	8	0	12	0	0
bench_2010g1	1	中点連結定理	8	0	1	0	0
bench_2010g1	1	中点連結定理(長さ)	8	0	1	0	0
bench_2010g1	1	二等辺三角形の底角	8	0	12	0	1
bench_2010g1	1	二等辺三角形の底角の逆	8	0	2199	1	1
bench_2010g1	1	円周角の定理	8	0	3713	71	34
bench_2010g1	1	円周角の定理の逆	8	0	4206	23	6
bench_2010g1	1	同位角による平行判定(右共通)	8	0	51	0	0
bench_2010g1	1	同位角による平行判定(左共通)	8	0	51	0	0
bench_2010g1	1	垂直二等分線の距離の等価性	8	0	14	0	0
bench_2010g1	1	垂直二等分線の距離の等価性の逆	8	0	8	0	0
bench_2010g1	1	接弦定理	8	0	1	0	0
bench_2010g1	1	有向角の交替律	8	0	1329	11	0
bench_2010g1	1	有向角の加法性	8	0	3552	13	4
bench_2010g1	1	直角三角形の斜辺の中線	8	0	133	0	0
bench_2010g1	1	直角三角形の斜辺の中線 (距離版)	8	0	160	0	0
bench_2010g1	1	直角三角形の斜辺の中線の逆	8	0	8	0	0
bench_2010g1	1	複比の透視射影不変性(点→線束)/対合定理(共点4直線+横断線)	8	0	878	0	0
bench_2010g1	1	複比の透視射影不変性(線束→点)	8	0	559	0	0
bench_2011armog10p6	1	シュタイナーの定理(二次曲線上の6点の複比不変性)	5	0	1	0	0
bench_2011armog10p6	1	シュタイナーの定理(接線版)/接弦定理(射影版)	5	0	1	0	0
bench_2011armog10p6	1	シュタイナーの定理の逆(射影版・円周角の定理の逆)	6	0	1	0	0
bench_2011armog10p6	1	中心角の定理	6	0	3	0	0
bench_2011armog10p6	1	中点連結定理	6	0	1	0	0
bench_2011armog10p6	1	中点連結定理(長さ)	6	0	1	0	0
bench_2011armog10p6	1	二等辺三角形の底角	6	0	2	0	0
bench_2011armog10p6	1	二等辺三角形の底角の逆	6	0	808	0	0
bench_2011armog10p6	1	円周角の定理	5	0	1349	30	58
bench_2011armog10p6	1	円周角の定理の逆	6	0	1220	18	4
bench_2011armog10p6	1	同位角による平行判定(右共通)	6	0	27	0	0
bench_2011armog10p6	1	同位角による平行判定(左共通)	6	0	27	0	0
bench_2011armog10p6	1	垂直二等分線の距離の等価性	6	0	19	0	0
bench_2011armog10p6	1	垂直二等分線の距離の等価性の逆	6	0	2	0	0
bench_2011armog10p6	1	接弦定理	5	0	1	0	0
bench_2011armog10p6	1	有向角の交替律	6	0	572	32	12
bench_2011armog10p6	1	有向角の加法性	6	0	932	4	2
bench_2011armog10p6	1	直角三角形の斜辺の中線	6	0	161	0	0
bench_2011armog10p6	1	直角三角形の斜辺の中線 (距離版)	6	0	198	0	0
bench_2011armog10p6	1	直角三角形の斜辺の中線の逆	6	0	2	0	0
bench_2011armog10p6	1	複比の透視射影不変性(点→線束)/対合定理(共点4直線+横断線)	6	0	465	0	0
bench_2011armog10p6	1	複比の透視射影不変性(線束→点)	6	0	284	0	0
bench_2011balkanmop1	1	シュタイナーの定理(二次曲線上の6点の複比不変性)	8	0	1	0	0
bench_2011balkanmop1	1	シュタイナーの定理(接線版)/接弦定理(射影版)	8	0	1	0	0
bench_2011balkanmop1	1	シュタイナーの定理の逆(射影版・円周角の定理の逆)	8	0	22	0	0
bench_2011balkanmop1	1	中心角の定理	8	0	27	0	0
bench_2011balkanmop1	1	中点連結定理	8	0	6	0	0
bench_2011balkanmop1	1	中点連結定理(長さ)	8	0	5	0	0
bench_2011balkanmop1	1	二等辺三角形の底角	8	0	31	0	0
bench_2011balkanmop1	1	二等辺三角形の底角の逆	8	0	1236	0	0
bench_2011balkanmop1	1	円周角の定理	8	0	481	16	7
bench_2011balkanmop1	1	円周角の定理の逆	8	0	1216	7	2
bench_2011balkanmop1	1	同位角による平行判定(右共通)	8	0	41	0	0
bench_2011balkanmop1	1	同位角による平行判定(左共通)	8	0	41	0	0
bench_2011balkanmop1	1	垂直二等分線の距離の等価性	8	0	46	0	0
bench_2011balkanmop1	1	垂直二等分線の距離の等価性の逆	8	0	20	0	0
bench_2011balkanmop1	1	接弦定理	8	0	1	0	0
bench_2011balkanmop1	1	有向角の交替律	8	0	633	4	1
bench_2011balkanmop1	1	有向角の加法性	8	0	2608	6	0
bench_2011balkanmop1	1	直角三角形の斜辺の中線	8	0	88	0	0
bench_2011balkanmop1	1	直角三角形の斜辺の中線 (距離版)	8	0	106	0	0
bench_2011balkanmop1	1	直角三角形の斜辺の中線の逆	8	0	16	0	0
bench_2011balkanmop1	1	複比の透視射影不変性(点→線束)/対合定理(共点4直線+横断線)	8	0	416	1	1
bench_2011balkanmop1	1	複比の透視射影不変性(線束→点)	8	0	177	0	0
bench_2012chnwesternmop5	0	シュタイナーの定理(二次曲線上の6点の複比不変性)	16	0	1	0	0
bench_2012chnwesternmop5	0	シュタイナーの定理(接線版)/接弦定理(射影版)	16	0	1	0	0
bench_2012chnwesternmop5	0	シュタイナーの定理の逆(射影版・円周角の定理の逆)	17	0	200	0	0
bench_2012chnwesternmop5	0	中心角の定理	17	0	1430	41	0
bench_2012chnwesternmop5	0	中点連結定理	17	0	687	39	0
bench_2012chnwesternmop5	0	中点連結定理(長さ)	17	0	387	77	0
bench_2012chnwesternmop5	0	二等辺三角形の底角	17	0	1117	14	0
bench_2012chnwesternmop5	0	二等辺三角形の底角の逆	17	0	9638	0	0
bench_2012chnwesternmop5	0	円周角の定理	16	0	33998	49	0
bench_2012chnwesternmop5	0	円周角の定理の逆	17	0	49769	250	0
bench_2012chnwesternmop5	0	同位角による平行判定(右共通)	17	0	71	0	0
bench_2012chnwesternmop5	0	同位角による平行判定(左共通)	17	0	71	0	0
bench_2012chnwesternmop5	0	垂直二等分線の距離の等価性	17	0	277	31	0
bench_2012chnwesternmop5	0	垂直二等分線の距離の等価性の逆	17	0	139	27	0
bench_2012chnwesternmop5	0	接弦定理	16	0	1	0	0
bench_2012chnwesternmop5	0	有向角の交替律	17	0	3450	99	0
bench_2012chnwesternmop5	0	有向角の加法性	17	0	9403	94	0
bench_2012chnwesternmop5	0	直角三角形の斜辺の中線	17	0	1755	20	0
bench_2012chnwesternmop5	0	直角三角形の斜辺の中線 (距離版)	17	0	2515	10	0
bench_2012chnwesternmop5	0	直角三角形の斜辺の中線の逆	17	0	100	14	0
bench_2012chnwesternmop5	0	複比の透視射影不変性(点→線束)/対合定理(共点4直線+横断線)	17	0	1189	2	0
bench_2012chnwesternmop5	0	複比の透視射影不変性(線束→点)	17	0	115	0	0
bench_2012egmop1	1	シュタイナーの定理(二次曲線上の6点の複比不変性)	13	0	1	0	0
bench_2012egmop1	1	シュタイナーの定理(接線版)/接弦定理(射影版)	13	0	1	0	0
bench_2012egmop1	1	シュタイナーの定理の逆(射影版・円周角の定理の逆)	14	0	1	0	0
bench_2012egmop1	1	中心角の定理	14	0	237	18	6
bench_2012egmop1	1	中点連結定理	14	0	145	8	20
bench_2012egmop1	1	中点連結定理(長さ)	14	0	65	6	2
bench_2012egmop1	1	二等辺三角形の底角	14	0	419	12	11
bench_2012egmop1	1	二等辺三角形の底角の逆	14	0	3966	0	0
bench_2012egmop1	1	円周角の定理	13	0	7495	82	345
bench_2012egmop1	1	円周角の定理の逆	14	0	5493	58	17
bench_2012egmop1	1	同位角による平行判定(右共通)	14	0	66	0	0
bench_2012egmop1	1	同位角による平行判定(左共通)	14	0	66	0	0
bench_2012egmop1	1	垂直二等分線の距離の等価性	14	0	86	6	12
bench_2012egmop1	1	垂直二等分線の距離の等価性の逆	14	0	73	3	5
bench_2012egmop1	1	接弦定理	13	0	1	0	0
bench_2012egmop1	1	有向角の交替律	14	0	2460	39	57
bench_2012egmop1	1	有向角の加法性	14	0	5840	55	177
bench_2012egmop1	1	直角三角形の斜辺の中線	14	0	418	0	0
bench_2012egmop1	1	直角三角形の斜辺の中線 (距離版)	14	0	523	0	0
bench_2012egmop1	1	直角三角形の斜辺の中線の逆	14	0	43	0	0
bench_2012egmop1	1	複比の透視射影不変性(点→線束)/対合定理(共点4直線+横断線)	14	0	1985	0	0
bench_2012egmop1	1	複比の透視射影不変性(線束→点)	14	0	39	0	0
bench_2015apmop1	1	シュタイナーの定理(二次曲線上の6点の複比不変性)	5	0	1	0	0
bench_2015apmop1	1	シュタイナーの定理(接線版)/接弦定理(射影版)	5	0	1	0	0
bench_2015apmop1	1	シュタイナーの定理の逆(射影版・円周角の定理の逆)	5	0	1	0	0
bench_2015apmop1	1	中心角の定理	5	0	13	0	0
bench_2015apmop1	1	中点連結定理	5	0	1	0	0
bench_2015apmop1	1	中点連結定理(長さ)	5	0	1	0	0
bench_2015apmop1	1	二等辺三角形の底角	5	0	12	0	0
bench_2015apmop1	1	二等辺三角形の底角の逆	5	0	1660	0	0
bench_2015apmop1	1	円周角の定理	5	0	4765	104	43
bench_2015apmop1	1	円周角の定理の逆	5	0	3027	43	8
bench_2015apmop1	1	同位角による平行判定(右共通)	5	0	37	1	0
bench_2015apmop1	1	同位角による平行判定(左共通)	5	0	35	0	0
bench_2015apmop1	1	垂直二等分線の距離の等価性	5	0	10	0	0
bench_2015apmop1	1	垂直二等分線の距離の等価性の逆	5	0	9	0	0
bench_2015apmop1	1	接弦定理	5	0	1	0	0
bench_2015apmop1	1	有向角の交替律	5	0	957	3	0
bench_2015apmop1	1	有向角の加法性	5	0	994	0	0
bench_2015apmop1	1	直角三角形の斜辺の中線	5	0	2	0	0
bench_2015apmop1	1	直角三角形の斜辺の中線 (距離版)	5	0	2	0	0
bench_2015apmop1	1	直角三角形の斜辺の中線の逆	5	0	9	0	0
bench_2015apmop1	1	複比の透視射影不変性(点→線束)/対合定理(共点4直線+横断線)	5	0	576	0	0
bench_2015apmop1	1	複比の透視射影不変性(線束→点)	5	0	900	0	0
bench_2016armog10p2	0	シュタイナーの定理(二次曲線上の6点の複比不変性)	31	0	1	0	0
bench_2016armog10p2	0	シュタイナーの定理(接線版)/接弦定理(射影版)	31	0	1	0	0
bench_2016armog10p2	0	シュタイナーの定理の逆(射影版・円周角の定理の逆)	31	0	1	0	0
bench_2016armog10p2	0	中心角の定理	31	0	444	15	0
bench_2016armog10p2	0	中点連結定理	31	0	168	9	0
bench_2016armog10p2	0	中点連結定理(長さ)	31	0	65	11	0
bench_2016armog10p2	0	二等辺三角形の底角	31	0	1039	11	0
bench_2016armog10p2	0	二等辺三角形の底角の逆	31	0	16544	0	0
bench_2016armog10p2	0	円周角の定理	45	15	45306	250	0
bench_2016armog10p2	0	円周角の定理の逆	31	0	28837	211	0
bench_2016armog10p2	0	同位角による平行判定(右共通)	31	0	294	3	0
bench_2016armog10p2	0	同位角による平行判定(左共通)	31	0	293	0	0
bench_2016armog10p2	0	垂直二等分線の距離の等価性	31	0	85	10	0
bench_2016armog10p2	0	垂直二等分線の距離の等価性の逆	31	0	95	2	0
bench_2016armog10p2	0	接弦定理	31	0	1	0	0
bench_2016armog10p2	0	有向角の交替律	31	0	19708	240	0
bench_2016armog10p2	0	有向角の加法性	51	33	72659	182	0
bench_2016armog10p2	0	直角三角形の斜辺の中線	31	0	487	0	0
bench_2016armog10p2	0	直角三角形の斜辺の中線 (距離版)	31	0	577	0	0
bench_2016armog10p2	0	直角三角形の斜辺の中線の逆	31	0	61	0	0
bench_2016armog10p2	0	複比の透視射影不変性(点→線束)/対合定理(共点4直線+横断線)	31	0	1715	0	0
bench_2016armog10p2	0	複比の透視射影不変性(線束→点)	31	0	9	0	0
bench_2018chnwesternmop5	1	シュタイナーの定理(二次曲線上の6点の複比不変性)	5	0	1	0	0
bench_2018chnwesternmop5	1	シュタイナーの定理(接線版)/接弦定理(射影版)	5	0	1	0	0
bench_2018chnwesternmop5	1	シュタイナーの定理の逆(射影版・円周角の定理の逆)	5	0	471	0	0
bench_2018chnwesternmop5	1	中心角の定理	5	0	112	6	0
bench_2018chnwesternmop5	1	中点連結定理	5	0	43	3	4
bench_2018chnwesternmop5	1	中点連結定理(長さ)	5	0	25	3	0
bench_2018chnwesternmop5	1	二等辺三角形の底角	5	0	92	6	2
bench_2018chnwesternmop5	1	二等辺三角形の底角の逆	5	0	1179	0	0
bench_2018chnwesternmop5	1	円周角の定理	5	0	2395	68	23
bench_2018chnwesternmop5	1	円周角の定理の逆	5	0	1593	23	5
bench_2018chnwesternmop5	1	同位角による平行判定(右共通)	5	0	34	0	0
bench_2018chnwesternmop5	1	同位角による平行判定(左共通)	5	0	34	0	0
bench_2018chnwesternmop5	1	垂直二等分線の距離の等価性	5	0	51	3	7
bench_2018chnwesternmop5	1	垂直二等分線の距離の等価性の逆	5	0	54	1	2
bench_2018chnwesternmop5	1	接弦定理	5	0	1	0	0
bench_2018chnwesternmop5	1	有向角の交替律	5	0	841	15	7
bench_2018chnwesternmop5	1	有向角の加法性	5	0	1545	8	3
bench_2018chnwesternmop5	1	直角三角形の斜辺の中線	5	0	159	0	0
bench_2018chnwesternmop5	1	直角三角形の斜辺の中線 (距離版)	5	0	235	0	0
bench_2018chnwesternmop5	1	直角三角形の斜辺の中線の逆	5	0	35	0	0
bench_2018chnwesternmop5	1	複比の透視射影不変性(点→線束)/対合定理(共点4直線+横断線)	5	0	893	4	2
bench_2018chnwesternmop5	1	複比の透視射影不変性(線束→点)	5	0	445	5	1
bench_2018silkroadp1	1	シュタイナーの定理(二次曲線上の6点の複比不変性)	7	0	1	0	0
bench_2018silkroadp1	1	シュタイナーの定理(接線版)/接弦定理(射影版)	7	0	1	0	0
bench_2018silkroadp1	1	シュタイナーの定理の逆(射影版・円周角の定理の逆)	8	0	986	0	0
bench_2018silkroadp1	1	中心角の定理	8	0	10	0	0
bench_2018silkroadp1	1	中点連結定理	8	0	1	0	0
bench_2018silkroadp1	1	中点連結定理(長さ)	8	0	1	0	0
bench_2018silkroadp1	1	二等辺三角形の底角	8	0	6	0	0
bench_2018silkroadp1	1	二等辺三角形の底角の逆	8	0	1539	0	0
bench_2018silkroadp1	1	円周角の定理	7	0	1416	15	22
bench_2018silkroadp1	1	円周角の定理の逆	8	0	1714	16	5
bench_2018silkroadp1	1	同位角による平行判定(右共通)	8	0	34	1	3
bench_2018silkroadp1	1	同位角による平行判定(左共通)	8	0	31	0	0
bench_2018silkroadp1	1	垂直二等分線の距離の等価性	8	0	12	0	0
bench_2018silkroadp1	1	垂直二等分線の距離の等価性の逆	8	0	6	0	0
bench_2018silkroadp1	1	接弦定理	7	0	1	0	0
bench_2018silkroadp1	1	有向角の交替律	8	0	563	16	5
bench_2018silkroadp1	1	有向角の加法性	8	0	1323	6	5
bench_2018silkroadp1	1	直角三角形の斜辺の中線	8	0	230	0	0
bench_2018silkroadp1	1	直角三角形の斜辺の中線 (距離版)	8	0	277	0	0
bench_2018silkroadp1	1	直角三角形の斜辺の中線の逆	8	0	6	0	0
bench_2018silkroadp1	1	複比の透視射影不変性(点→線束)/対合定理(共点4直線+横断線)	8	0	743	3	0
bench_2018silkroadp1	1	複比の透視射影不変性(線束→点)	8	0	782	10	0
bench_2019g1	1	シュタイナーの定理(二次曲線上の6点の複比不変性)	5	0	1	0	0
bench_2019g1	1	シュタイナーの定理(接線版)/接弦定理(射影版)	5	0	1	0	0
bench_2019g1	1	シュタイナーの定理の逆(射影版・円周角の定理の逆)	5	0	43	0	0
bench_2019g1	1	中心角の定理	5	0	3	0	0
bench_2019g1	1	中点連結定理	5	0	1	0	0
bench_2019g1	1	中点連結定理(長さ)	5	0	1	0	0
bench_2019g1	1	二等辺三角形の底角	5	0	2	0	0
bench_2019g1	1	二等辺三角形の底角の逆	5	0	431	0	0
bench_2019g1	1	円周角の定理	5	0	981	28	4
bench_2019g1	1	円周角の定理の逆	5	0	735	19	1
bench_2019g1	1	同位角による平行判定(右共通)	5	0	14	0	0
bench_2019g1	1	同位角による平行判定(左共通)	5	0	14	0	0
bench_2019g1	1	垂直二等分線の距離の等価性	5	0	15	0	0
bench_2019g1	1	垂直二等分線の距離の等価性の逆	5	0	2	0	0
bench_2019g1	1	接弦定理	5	0	27	4	4
bench_2019g1	1	有向角の交替律	5	0	269	7	4
bench_2019g1	1	有向角の加法性	5	0	334	2	0
bench_2019g1	1	直角三角形の斜辺の中線	5	0	29	0	0
bench_2019g1	1	直角三角形の斜辺の中線 (距離版)	5	0	60	0	0
bench_2019g1	1	直角三角形の斜辺の中線の逆	5	0	2	0	0
bench_2019g1	1	複比の透視射影不変性(点→線束)/対合定理(共点4直線+横断線)	5	0	301	1	0
bench_2019g1	1	複比の透視射影不変性(線束→点)	5	0	117	0	0
bench_2022balkanmop1	1	シュタイナーの定理(二次曲線上の6点の複比不変性)	5	0	1	0	0
bench_2022balkanmop1	1	シュタイナーの定理(接線版)/接弦定理(射影版)	5	0	1	0	0
bench_2022balkanmop1	1	シュタイナーの定理の逆(射影版・円周角の定理の逆)	6	0	1	0	0
bench_2022balkanmop1	1	中心角の定理	6	0	146	6	0
bench_2022balkanmop1	1	中点連結定理	6	0	46	3	6
bench_2022balkanmop1	1	中点連結定理(長さ)	6	0	25	3	1
bench_2022balkanmop1	1	二等辺三角形の底角	6	0	163	6	9
bench_2022balkanmop1	1	二等辺三角形の底角の逆	6	0	2163	1	1
bench_2022balkanmop1	1	円周角の定理	5	0	5067	95	120
bench_2022balkanmop1	1	円周角の定理の逆	6	0	3911	49	9
bench_2022balkanmop1	1	同位角による平行判定(右共通)	6	0	56	0	0
bench_2022balkanmop1	1	同位角による平行判定(左共通)	6	0	56	0	0
bench_2022balkanmop1	1	垂直二等分線の距離の等価性	6	0	60	5	17
bench_2022balkanmop1	1	垂直二等分線の距離の等価性の逆	6	0	57	6	15
bench_2022balkanmop1	1	接弦定理	5	0	1	0	0
bench_2022balkanmop1	1	有向角の交替律	6	0	1997	34	15
bench_2022balkanmop1	1	有向角の加法性	6	0	3611	32	8
bench_2022balkanmop1	1	直角三角形の斜辺の中線	6	0	343	0	0
bench_2022balkanmop1	1	直角三角形の斜辺の中線 (距離版)	6	0	402	0	0
bench_2022balkanmop1	1	直角三角形の斜辺の中線の逆	6	0	38	0	0
bench_2022balkanmop1	1	複比の透視射影不変性(点→線束)/対合定理(共点4直線+横断線)	6	0	259	0	0
bench_2022balkanmop1	1	複比の透視射影不変性(線束→点)	6	0	121	0	0
centroid	1	シュタイナーの定理の逆(射影版・円周角の定理の逆)	12	0	766	0	0
centroid	1	中心角の定理	12	0	78	0	0
centroid	1	中点連結定理	12	0	86	3	0
centroid	1	中点連結定理(長さ)	12	0	44	4	0
centroid	1	二等辺三角形の底角	12	0	82	6	0
centroid	1	二等辺三角形の底角の逆	12	0	2535	0	0
centroid	1	円周角の定理の逆	12	0	5023	0	0
centroid	1	同位角による平行判定(右共通)	12	0	68	0	0
centroid	1	同位角による平行判定(左共通)	12	0	68	0	0
centroid	1	垂直二等分線の距離の等価性	12	0	51	7	0
centroid	1	垂直二等分線の距離の等価性の逆	12	0	66	0	0
centroid	1	有向角の交替律	12	0	1350	55	0
centroid	1	有向角の加法性	12	0	8472	11	0
centroid	1	直角三角形の斜辺の中線	12	0	216	0	0
centroid	1	直角三角形の斜辺の中線 (距離版)	12	0	250	0	0
centroid	1	直角三角形の斜辺の中線の逆	12	0	48	0	0
centroid	1	複比の透視射影不変性(点→線束)/対合定理(共点4直線+横断線)	12	0	1302	16	0
centroid	1	複比の透視射影不変性(線束→点)	12	0	467	0	0
circumcenter	1	シュタイナーの定理の逆(射影版・円周角の定理の逆)	1	0	1	0	0
circumcenter	1	中心角の定理	1	0	53	0	0
circumcenter	1	中点連結定理	1	0	25	0	0
circumcenter	1	中点連結定理(長さ)	1	0	25	3	0
circumcenter	1	二等辺三角形の底角	1	0	24	0	0
circumcenter	1	二等辺三角形の底角の逆	1	0	179	0	0
circumcenter	1	円周角の定理の逆	1	0	215	6	0
circumcenter	1	同位角による平行判定(右共通)	1	0	8	0	0
circumcenter	1	同位角による平行判定(左共通)	1	0	8	0	0
circumcenter	1	垂直二等分線の距離の等価性	1	0	66	4	2
circumcenter	1	垂直二等分線の距離の等価性の逆	1	0	58	2	1
circumcenter	1	有向角の交替律	1	0	8	0	0
circumcenter	1	有向角の加法性	1	0	9	0	0
circumcenter	1	直角三角形の斜辺の中線	1	0	146	0	0
circumcenter	1	直角三角形の斜辺の中線 (距離版)	1	0	257	0	0
circumcenter	1	直角三角形の斜辺の中線の逆	1	0	30	0	0
circumcenter	1	複比の透視射影不変性(点→線束)/対合定理(共点4直線+横断線)	1	0	196	0	0
circumcenter	1	複比の透視射影不変性(線束→点)	1	0	43	0	0
cyclic_quad	1	シュタイナーの定理(二次曲線上の6点の複比不変性)	1	0	1	0	0
cyclic_quad	1	シュタイナーの定理(接線版)/接弦定理(射影版)	1	0	1	0	0
cyclic_quad	1	シュタイナーの定理の逆(射影版・円周角の定理の逆)	1	0	1	0	0
cyclic_quad	1	中心角の定理	1	0	5	0	0
cyclic_quad	1	中点連結定理	1	0	1	0	0
cyclic_quad	1	中点連結定理(長さ)	1	0	1	0	0
cyclic_quad	1	二等辺三角形の底角	1	0	3	0	0
cyclic_quad	1	二等辺三角形の底角の逆	1	0	277	0	0
cyclic_quad	1	円周角の定理	1	0	265	4	1
cyclic_quad	1	円周角の定理の逆	1	0	325	3	0
cyclic_quad	1	同位角による平行判定(右共通)	1	0	21	0	0
cyclic_quad	1	同位角による平行判定(左共通)	1	0	21	0	0
cyclic_quad	1	垂直二等分線の距離の等価性	1	0	9	0	0
cyclic_quad	1	垂直二等分線の距離の等価性の逆	1	0	3	0	0
cyclic_quad	1	接弦定理	1	0	1	0	0
cyclic_quad	1	有向角の交替律	1	0	176	0	0
cyclic_quad	1	有向角の加法性	1	0	458	0	0
cyclic_quad	1	直角三角形の斜辺の中線	1	0	42	0	0
cyclic_quad	1	直角三角形の斜辺の中線 (距離版)	1	0	58	0	0
cyclic_quad	1	直角三角形の斜辺の中線の逆	1	0	3	0	0
cyclic_quad	1	複比の透視射影不変性(点→線束)/対合定理(共点4直線+横断線)	1	0	61	0	0
cyclic_quad	1	複比の透視射影不変性(線束→点)	1	0	17	0	0
desargues	1	シュタイナーの定理の逆(射影版・円周角の定理の逆)	34	13	56965	0	0
desargues	1	中心角の定理	34	0	191	0	0
desargues	1	中点連結定理	34	0	524	57	0
desargues	1	中点連結定理(長さ)	34	0	246	153	0
desargues	1	二等辺三角形の底角	34	0	256	0	0
desargues	1	二等辺三角形の底角の逆	34	0	10717	0	0
desargues	1	円周角の定理の逆	34	0	32276	0	0
desargues	1	同位角による平行判定(右共通)	34	0	154	0	0
desargues	1	同位角による平行判定(左共通)	34	0	154	0	0
desargues	1	垂直二等分線の距離の等価性	34	0	123	21	0
desargues	1	垂直二等分線の距離の等価性の逆	34	0	176	0	0
desargues	1	有向角の交替律	34	0	5842	153	0
desargues	1	有向角の加法性	34	0	21119	264	0
desargues	1	直角三角形の斜辺の中線	34	0	1024	0	0
desargues	1	直角三角形の斜辺の中線 (距離版)	34	0	1148	0	0
desargues	1	直角三角形の斜辺の中線の逆	34	0	153	0	0
desargues	1	複比の透視射影不変性(点→線束)/対合定理(共点4直線+横断線)	34	0	9625	161	5
desargues	1	複比の透視射影不変性(線束→点)	34	0	4646	35	2
miquel	1	シュタイナーの定理(二次曲線上の6点の複比不変性)	4	0	1	0	0
miquel	1	シュタイナーの定理(接線版)/接弦定理(射影版)	4	0	1	0	0
miquel	1	シュタイナーの定理の逆(射影版・円周角の定理の逆)	4	0	1	0	0
miquel	1	中心角の定理	4	0	3	0	0
miquel	1	中点連結定理	4	0	1	0	0
miquel	1	中点連結定理(長さ)	4	0	1	0	0
miquel	1	二等辺三角形の底角	4	0	2	0	0
miquel	1	二等辺三角形の底角の逆	4	0	156	0	0
miquel	1	円周角の定理	4	0	261	8	4
miquel	1	円周角の定理の逆	4	0	187	8	3
miquel	1	同位角による平行判定(右共通)	4	0	8	0	0
miquel	1	同位角による平行判定(左共通)	4	0	8	0	0
miquel	1	垂直二等分線の距離の等価性	4	0	12	0	0
miquel	1	垂直二等分線の距離の等価性の逆	4	0	2	0	0
miquel	1	接弦定理	4	0	1	0	0
miquel	1	有向角の交替律	4	0	97	0	0
miquel	1	有向角の加法性	4	0	190	2	0
miquel	1	直角三角形の斜辺の中線	4	0	30	0	0
miquel	1	直角三角形の斜辺の中線 (距離版)	4	0	71	0	0
miquel	1	直角三角形の斜辺の中線の逆	4	0	2	0	0
miquel	1	複比の透視射影不変性(点→線束)/対合定理(共点4直線+横断線)	4	0	138	0	0
miquel	1	複比の透視射影不変性(線束→点)	4	0	23	0	0
miquel_quadrilateral	1	シュタイナーの定理(二次曲線上の6点の複比不変性)	4	0	1	0	0
miquel_quadrilateral	1	シュタイナーの定理(接線版)/接弦定理(射影版)	4	0	1	0	0
miquel_quadrilateral	1	シュタイナーの定理の逆(射影版・円周角の定理の逆)	4	0	1	0	0
miquel_quadrilateral	1	中心角の定理	4	0	4	0	0
miquel_quadrilateral	1	中点連結定理	4	0	1	0	0
miquel_quadrilateral	1	中点連結定理(長さ)	4	0	1	0	0
miquel_quadrilateral	1	二等辺三角形の底角	4	0	2	0	0
miquel_quadrilateral	1	二等辺三角形の底角の逆	4	0	440	0	0
miquel_quadrilateral	1	円周角の定理	4	0	615	24	7
miquel_quadrilateral	1	円周角の定理の逆	4	0	472	10	4
miquel_quadrilateral	1	同位角による平行判定(右共通)	4	0	15	0	0
miquel_quadrilateral	1	同位角による平行判定(左共通)	4	0	15	0	0
miquel_quadrilateral	1	垂直二等分線の距離の等価性	4	0	24	0	0
miquel_quadrilateral	1	垂直二等分線の距離の等価性の逆	4	0	2	0	0
miquel_quadrilateral	1	接弦定理	4	0	1	0	0
miquel_quadrilateral	1	有向角の交替律	4	0	168	0	0
miquel_quadrilateral	1	有向角の加法性	4	0	305	0	0
miquel_quadrilateral	1	直角三角形の斜辺の中線	4	0	85	0	0
miquel_quadrilateral	1	直角三角形の斜辺の中線 (距離版)	4	0	299	0	0
miquel_quadrilateral	1	直角三角形の斜辺の中線の逆	4	0	2	0	0
miquel_quadrilateral	1	複比の透視射影不変性(点→線束)/対合定理(共点4直線+横断線)	4	0	755	0	0
miquel_quadrilateral	1	複比の透視射影不変性(線束→点)	4	0	314	0	0
newton_gauss	0	シュタイナーの定理の逆(射影版・円周角の定理の逆)	46	0	24206	0	0
newton_gauss	0	中心角の定理	46	0	304	0	0
newton_gauss	0	中点連結定理	46	0	763	80	0
newton_gauss	0	中点連結定理(長さ)	46	0	298	157	0
newton_gauss	0	二等辺三角形の底角	46	0	706	32	0
newton_gauss	0	二等辺三角形の底角の逆	46	0	11032	0	0
newton_gauss	0	円周角の定理の逆	52	11	47053	0	0
newton_gauss	0	同位角による平行判定(右共通)	46	0	151	0	0
newton_gauss	0	同位角による平行判定(左共通)	46	0	151	0	0
newton_gauss	0	垂直二等分線の距離の等価性	46	0	213	41	0
newton_gauss	0	垂直二等分線の距離の等価性の逆	46	0	267	5	0
newton_gauss	0	有向角の交替律	46	0	7813	441	0
newton_gauss	0	有向角の加法性	46	0	25201	241	0
newton_gauss	0	直角三角形の斜辺の中線	46	0	1563	0	0
newton_gauss	0	直角三角形の斜辺の中線 (距離版)	46	0	1728	0	0
newton_gauss	0	直角三角形の斜辺の中線の逆	46	0	208	0	0
newton_gauss	0	複比の透視射影不変性(点→線束)/対合定理(共点4直線+横断線)	46	0	5306	129	0
newton_gauss	0	複比の透視射影不変性(線束→点)	46	0	3032	4	0
nine_point	1	シュタイナーの定理の逆(射影版・円周角の定理の逆)	2	0	62	0	0
nine_point	1	中心角の定理	2	0	125	4	0
nine_point	1	中点連結定理	2	0	69	2	28
nine_point	1	中点連結定理(長さ)	2	0	55	12	28
nine_point	1	二等辺三角形の底角	2	0	60	2	0
nine_point	1	二等辺三角形の底角の逆	2	0	889	0	0
nine_point	1	円周角の定理の逆	2	0	1854	16	5
nine_point	1	同位角による平行判定(右共通)	2	0	19	0	0
nine_point	1	同位角による平行判定(左共通)	2	0	19	0	0
nine_point	1	垂直二等分線の距離の等価性	2	0	23	0	2
nine_point	1	垂直二等分線の距離の等価性の逆	2	0	42	4	2
nine_point	1	有向角の交替律	2	0	377	4	0
nine_point	1	有向角の加法性	2	0	686	8	0
nine_point	1	直角三角形の斜辺の中線	2	0	230	4	21
nine_point	1	直角三角形の斜辺の中線 (距離版)	2	0	282	2	4
nine_point	1	直角三角形の斜辺の中線の逆	2	0	42	4	16
nine_point	1	複比の透視射影不変性(点→線束)/対合定理(共点4直線+横断線)	2	0	684	2	0
nine_point	1	複比の透視射影不変性(線束→点)	2	0	211	0	0
nine_point_full	1	シュタイナーの定理(二次曲線上の6点の複比不変性)	2	0	1	0	0
nine_point_full	1	シュタイナーの定理(接線版)/接弦定理(射影版)	2	0	1	0	0
nine_point_full	1	シュタイナーの定理の逆(射影版・円周角の定理の逆)	3	0	11921	0	0
nine_point_full	1	中心角の定理	3	0	1694	29	0
nine_point_full	1	中点連結定理	3	0	506	3	340
nine_point_full	1	中点連結定理(長さ)	3	0	451	105	338
nine_point_full	1	二等辺三角形の底角	3	0	413	15	17
nine_point_full	1	二等辺三角形の底角の逆	3	0	6034	2	0
nine_point_full	1	円周角の定理	2	0	8601	66	288
nine_point_full	1	円周角の定理の逆	3	0	28657	470	90
nine_point_full	1	同位角による平行判定(右共通)	3	0	67	1	10
nine_point_full	1	同位角による平行判定(左共通)	3	0	65	0	0
nine_point_full	1	垂直二等分線の距離の等価性	3	0	125	6	27
nine_point_full	1	垂直二等分線の距離の等価性の逆	3	0	141	25	23
nine_point_full	1	接弦定理	2	0	1	0	0
nine_point_full	1	有向角の交替律	3	0	5158	177	488
nine_point_full	1	有向角の加法性	3	0	11178	107	288
nine_point_full	1	直角三角形の斜辺の中線	3	0	1443	24	408
nine_point_full	1	直角三角形の斜辺の中線 (距離版)	3	0	1842	12	23
nine_point_full	1	直角三角形の斜辺の中線の逆	3	0	116	20	309
nine_point_full	1	複比の透視射影不変性(点→線束)/対合定理(共点4直線+横断線)	3	0	2027	18	0
nine_point_full	1	複比の透視射影不変性(線束→点)	3	0	987	0	0
orthic_incenter	1	シュタイナーの定理(二次曲線上の6点の複比不変性)	1	0	1	0	0
orthic_incenter	1	シュタイナーの定理(接線版)/接弦定理(射影版)	1	0	1	0	0
orthic_incenter	1	シュタイナーの定理の逆(射影版・円周角の定理の逆)	2	0	1	0	0
orthic_incenter	1	中心角の定理	2	0	3	0	0
orthic_incenter	1	中点連結定理	2	0	1	0	0
orthic_incenter	1	中点連結定理(長さ)	2	0	1	0	0
orthic_incenter	1	二等辺三角形の底角	2	0	2	0	0
orthic_incenter	1	二等辺三角形の底角の逆	2	0	653	0	0
orthic_incenter	1	円周角の定理	1	0	683	0	2
orthic_incenter	1	円周角の定理の逆	2	0	918	12	2
orthic_incenter	1	同位角による平行判定(右共通)	2	0	20	0	0
orthic_incenter	1	同位角による平行判定(左共通)	2	0	20	0	0
orthic_incenter	1	垂直二等分線の距離の等価性	2	0	32	0	0
orthic_incenter	1	垂直二等分線の距離の等価性の逆	2	0	2	0	0
orthic_incenter	1	接弦定理	1	0	1	0	0
orthic_incenter	1	有向角の交替律	2	0	174	12	0
orthic_incenter	1	有向角の加法性	2	0	353	0	0
orthic_incenter	1	直角三角形の斜辺の中線	2	0	118	0	0
orthic_incenter	1	直角三角形の斜辺の中線 (距離版)	2	0	154	0	0
orthic_incenter	1	直角三角形の斜辺の中線の逆	2	0	2	0	0
orthic_incenter	1	複比の透視射影不変性(点→線束)/対合定理(共点4直線+横断線)	2	0	617	0	0
orthic_incenter	1	複比の透視射影不変性(線束→点)	2	0	431	0	0
orthocenter	1	シュタイナーの定理(二次曲線上の6点の複比不変性)	4	0	1	0	0
orthocenter	1	シュタイナーの定理(接線版)/接弦定理(射影版)	4	0	1	0	0
orthocenter	1	シュタイナーの定理の逆(射影版・円周角の定理の逆)	6	0	1	0	0
orthocenter	1	中心角の定理	6	0	2	0	0
orthocenter	1	中点連結定理	6	0	1	0	0
orthocenter	1	中点連結定理(長さ)	6	0	1	0	0
orthocenter	1	二等辺三角形の底角	6	0	2	0	0
orthocenter	1	二等辺三角形の底角の逆	6	0	701	0	0
orthocenter	1	円周角の定理	4	0	1620	18	7
orthocenter	1	円周角の定理の逆	6	0	1034	20	2
orthocenter	1	同位角による平行判定(右共通)	6	0	17	1	2
orthocenter	1	同位角による平行判定(左共通)	6	0	14	0	0
orthocenter	1	垂直二等分線の距離の等価性	6	0	24	0	0
orthocenter	1	垂直二等分線の距離の等価性の逆	6	0	2	0	0
orthocenter	1	接弦定理	4	0	1	0	0
orthocenter	1	有向角の交替律	6	0	225	3	0
orthocenter	1	有向角の加法性	6	0	578	4	1
orthocenter	1	直角三角形の斜辺の中線	6	0	156	0	0
orthocenter	1	直角三角形の斜辺の中線 (距離版)	6	0	265	0	0
orthocenter	1	直角三角形の斜辺の中線の逆	6	0	2	0	0
orthocenter	1	複比の透視射影不変性(点→線束)/対合定理(共点4直線+横断線)	6	0	486	0	0
orthocenter	1	複比の透視射影不変性(線束→点)	6	0	145	0	0
orthocenter_alt	1	シュタイナーの定理(二次曲線上の6点の複比不変性)	4	0	1	0	0
orthocenter_alt	1	シュタイナーの定理(接線版)/接弦定理(射影版)	4	0	1	0	0
orthocenter_alt	1	シュタイナーの定理の逆(射影版・円周角の定理の逆)	6	0	1	0	0
orthocenter_alt	1	中心角の定理	6	0	2	0	0
orthocenter_alt	1	中点連結定理	6	0	1	0	0
orthocenter_alt	1	中点連結定理(長さ)	6	0	1	0	0
orthocenter_alt	1	二等辺三角形の底角	6	0	2	0	0
orthocenter_alt	1	二等辺三角形の底角の逆	6	0	633	0	0
orthocenter_alt	1	円周角の定理	4	0	1526	28	5
orthocenter_alt	1	円周角の定理の逆	6	0	1067	24	3
orthocenter_alt	1	同位角による平行判定(右共通)	6	0	16	0	0
orthocenter_alt	1	同位角による平行判定(左共通)	6	0	16	0	0
orthocenter_alt	1	垂直二等分線の距離の等価性	6	0	22	0	0
orthocenter_alt	1	垂直二等分線の距離の等価性の逆	6	0	2	0	0
orthocenter_alt	1	接弦定理	4	0	1	0	0
orthocenter_alt	1	有向角の交替律	6	0	220	0	0
orthocenter_alt	1	有向角の加法性	6	0	417	0	0
orthocenter_alt	1	直角三角形の斜辺の中線	6	0	98	0	0
orthocenter_alt	1	直角三角形の斜辺の中線 (距離版)	6	0	125	0	0
orthocenter_alt	1	直角三角形の斜辺の中線の逆	6	0	2	0	0
orthocenter_alt	1	複比の透視射影不変性(点→線束)/対合定理(共点4直線+横断線)	6	0	412	0	0
orthocenter_alt	1	複比の透視射影不変性(線束→点)	6	0	275	0	0
pappus	1	シュタイナーの定理の逆(射影版・円周角の定理の逆)	28	0	25320	0	0
pappus	1	中心角の定理	28	0	243	0	0
pappus	1	中点連結定理	28	0	427	37	0
pappus	1	中点連結定理(長さ)	28	0	231	124	0
pappus	1	二等辺三角形の底角	28	0	365	10	0
pappus	1	二等辺三角形の底角の逆	28	0	11180	0	0
pappus	1	円周角の定理の逆	28	0	26657	0	0
pappus	1	同位角による平行判定(右共通)	28	0	161	0	0
pappus	1	同位角による平行判定(左共通)	28	0	161	0	0
pappus	1	垂直二等分線の距離の等価性	28	0	119	21	0
pappus	1	垂直二等分線の距離の等価性の逆	28	0	197	8	0
pappus	1	有向角の交替律	28	0	7360	274	0
pappus	1	有向角の加法性	28	0	27262	349	0
pappus	1	直角三角形の斜辺の中線	28	0	756	0	0
pappus	1	直角三角形の斜辺の中線 (距離版)	28	0	883	0	0
pappus	1	直角三角形の斜辺の中線の逆	28	0	161	0	0
pappus	1	複比の透視射影不変性(点→線束)/対合定理(共点4直線+横断線)	28	0	11386	271	52
pappus	1	複比の透視射影不変性(線束→点)	28	0	3691	34	41
pascal	0	シュタイナーの定理(二次曲線上の6点の複比不変性)	26	0	1	0	0
pascal	0	シュタイナーの定理(接線版)/接弦定理(射影版)	26	0	1	0	0
pascal	0	シュタイナーの定理の逆(射影版・円周角の定理の逆)	26	0	15531	0	0
pascal	0	中心角の定理	26	0	133	0	0
pascal	0	中点連結定理	27	0	251	23	0
pascal	0	中点連結定理(長さ)	26	0	119	100	0
pascal	0	二等辺三角形の底角	27	0	152	0	0
pascal	0	二等辺三角形の底角の逆	27	0	14104	0	0
pascal	0	円周角の定理	42	16	44186	190	0
pascal	0	円周角の定理の逆	27	1	42074	157	0
pascal	0	同位角による平行判定(右共通)	27	0	278	0	0
pascal	0	同位角による平行判定(左共通)	27	0	278	0	0
pascal	0	垂直二等分線の距離の等価性	27	0	78	20	0
pascal	0	垂直二等分線の距離の等価性の逆	27	0	117	0	0
pascal	0	接弦定理	27	0	1	0	0
pascal	0	有向角の交替律	26	0	15022	71	0
pascal	0	有向角の加法性	42	22	74639	145	0
pascal	0	直角三角形の斜辺の中線	26	0	573	0	0
pascal	0	直角三角形の斜辺の中線 (距離版)	26	0	663	0	0
pascal	0	直角三角形の斜辺の中線の逆	26	0	89	0	0
pascal	0	複比の透視射影不変性(点→線束)/対合定理(共点4直線+横断線)	26	0	8048	22	0
pascal	0	複比の透視射影不変性(線束→点)	26	0	3074	2	0
simson	1	シュタイナーの定理(二次曲線上の6点の複比不変性)	3	0	1	0	0
simson	1	シュタイナーの定理(接線版)/接弦定理(射影版)	3	0	1	0	0
simson	1	シュタイナーの定理の逆(射影版・円周角の定理の逆)	3	0	1	0	0
simson	1	中心角の定理	3	0	3	0	0
simson	1	中点連結定理	3	0	1	0	0
simson	1	中点連結定理(長さ)	3	0	1	0	0
simson	1	二等辺三角形の底角	3	0	2	0	0
simson	1	二等辺三角形の底角の逆	3	0	542	0	0
simson	1	円周角の定理	3	0	1145	14	4
simson	1	円周角の定理の逆	3	0	805	9	2
simson	1	同位角による平行判定(右共通)	3	0	20	0	0
simson	1	同位角による平行判定(左共通)	3	0	20	0	0
simson	1	垂直二等分線の距離の等価性	3	0	30	0	0
simson	1	垂直二等分線の距離の等価性の逆	3	0	2	0	0
simson	1	接弦定理	3	0	1	0	0
simson	1	有向角の交替律	3	0	190	0	0
simson	1	有向角の加法性	3	0	316	0	0
simson	1	直角三角形の斜辺の中線	3	0	94	0	0
simson	1	直角三角形の斜辺の中線 (距離版)	3	0	117	0	0
simson	1	直角三角形の斜辺の中線の逆	3	0	2	0	0
simson	1	複比の透視射影不変性(点→線束)/対合定理(共点4直線+横断線)	3	0	487	0	0
simson	1	複比の透視射影不変性(線束→点)	3	0	292	0	0
tangent_orthic	1	シュタイナーの定理(二次曲線上の6点の複比不変性)	2	0	1	0	0
tangent_orthic	1	シュタイナーの定理(接線版)/接弦定理(射影版)	2	0	1	0	0
tangent_orthic	1	シュタイナーの定理の逆(射影版・円周角の定理の逆)	2	0	1	0	0
tangent_orthic	1	中心角の定理	2	0	3	0	0
tangent_orthic	1	中点連結定理	2	0	1	0	0
tangent_orthic	1	中点連結定理(長さ)	2	0	1	0	0
tangent_orthic	1	二等辺三角形の底角	2	0	2	0	0
tangent_orthic	1	二等辺三角形の底角の逆	2	0	441	0	0
tangent_orthic	1	円周角の定理	2	0	222	0	1
tangent_orthic	1	円周角の定理の逆	2	0	516	4	1
tangent_orthic	1	同位角による平行判定(右共通)	2	0	21	0	0
tangent_orthic	1	同位角による平行判定(左共通)	2	0	21	0	0
tangent_orthic	1	垂直二等分線の距離の等価性	2	0	20	0	0
tangent_orthic	1	垂直二等分線の距離の等価性の逆	2	0	2	0	0
tangent_orthic	1	接弦定理	2	0	38	2	1
tangent_orthic	1	有向角の交替律	2	0	218	4	0
tangent_orthic	1	有向角の加法性	2	0	422	0	0
tangent_orthic	1	直角三角形の斜辺の中線	2	0	60	0	0
tangent_orthic	1	直角三角形の斜辺の中線 (距離版)	2	0	74	0	0
tangent_orthic	1	直角三角形の斜辺の中線の逆	2	0	2	0	0
tangent_orthic	1	複比の透視射影不変性(点→線束)/対合定理(共点4直線+横断線)	2	0	278	0	0
tangent_orthic	1	複比の透視射影不変性(線束→点)	2	0	46	0	0
test_cross_ratio	1	シュタイナーの定理の逆(射影版・円周角の定理の逆)	1	0	1606	0	0
test_cross_ratio	1	中心角の定理	1	0	9	0	0
test_cross_ratio	1	中点連結定理	1	0	1	0	0
test_cross_ratio	1	中点連結定理(長さ)	1	0	1	0	0
test_cross_ratio	1	二等辺三角形の底角	1	0	5	0	0
test_cross_ratio	1	二等辺三角形の底角の逆	1	0	1	0	0
test_cross_ratio	1	円周角の定理の逆	1	0	1	0	0
test_cross_ratio	1	同位角による平行判定(右共通)	1	0	1	0	0
test_cross_ratio	1	同位角による平行判定(左共通)	1	0	1	0	0
test_cross_ratio	1	垂直二等分線の距離の等価性	1	0	29	0	0
test_cross_ratio	1	垂直二等分線の距離の等価性の逆	1	0	5	0	0
test_cross_ratio	1	有向角の交替律	1	0	1	0	0
test_cross_ratio	1	有向角の加法性	1	0	1	0	0
test_cross_ratio	1	直角三角形の斜辺の中線	1	0	2	0	0
test_cross_ratio	1	直角三角形の斜辺の中線 (距離版)	1	0	2	0	0
test_cross_ratio	1	直角三角形の斜辺の中線の逆	1	0	5	0	0
test_cross_ratio	1	複比の透視射影不変性(点→線束)/対合定理(共点4直線+横断線)	1	0	1301	2	1
test_cross_ratio	1	複比の透視射影不変性(線束→点)	1	0	705	10	0
test_involution	1	シュタイナーの定理の逆(射影版・円周角の定理の逆)	1	0	1606	0	0
test_involution	1	中心角の定理	1	0	9	0	0
test_involution	1	中点連結定理	1	0	1	0	0
test_involution	1	中点連結定理(長さ)	1	0	1	0	0
test_involution	1	二等辺三角形の底角	1	0	5	0	0
test_involution	1	二等辺三角形の底角の逆	1	0	1	0	0
test_involution	1	円周角の定理の逆	1	0	1	0	0
test_involution	1	同位角による平行判定(右共通)	1	0	1	0	0
test_involution	1	同位角による平行判定(左共通)	1	0	1	0	0
test_involution	1	垂直二等分線の距離の等価性	1	0	29	0	0
test_involution	1	垂直二等分線の距離の等価性の逆	1	0	5	0	0
test_involution	1	有向角の交替律	1	0	1	0	0
test_involution	1	有向角の加法性	1	0	1	0	0
test_involution	1	直角三角形の斜辺の中線	1	0	678	0	0
test_involution	1	直角三角形の斜辺の中線 (距離版)	1	0	2286	0	0
test_involution	1	直角三角形の斜辺の中線の逆	1	0	5	0	0
test_involution	1	複比の透視射影不変性(点→線束)/対合定理(共点4直線+横断線)	1	0	1301	2	1
test_involution	1	複比の透視射影不変性(線束→点)	1	0	705	10	0
test_isosceles_converse	1	シュタイナーの定理の逆(射影版・円周角の定理の逆)	1	0	1	0	0
test_isosceles_converse	1	中心角の定理	1	0	13	0	0
test_isosceles_converse	1	中点連結定理	1	0	1	0	0
test_isosceles_converse	1	中点連結定理(長さ)	1	0	1	0	0
test_isosceles_converse	1	二等辺三角形の底角	1	0	13	0	1
test_isosceles_converse	1	二等辺三角形の底角の逆	1	0	64	1	1
test_isosceles_converse	1	円周角の定理の逆	1	0	46	0	0
test_isosceles_converse	1	同位角による平行判定(右共通)	1	0	6	0	0
test_isosceles_converse	1	同位角による平行判定(左共通)	1	0	6	0	0
test_isosceles_converse	1	垂直二等分線の距離の等価性	1	0	7	0	0
test_isosceles_converse	1	垂直二等分線の距離の等価性の逆	1	0	9	0	0
test_isosceles_converse	1	有向角の交替律	1	0	24	0	0
test_isosceles_converse	1	有向角の加法性	1	0	27	0	0
test_isosceles_converse	1	直角三角形の斜辺の中線	1	0	32	0	0
test_isosceles_converse	1	直角三角形の斜辺の中線 (距離版)	1	0	44	0	0
test_isosceles_converse	1	直角三角形の斜辺の中線の逆	1	0	8	0	0
test_isosceles_converse	1	複比の透視射影不変性(点→線束)/対合定理(共点4直線+横断線)	1	0	46	0	0
test_isosceles_converse	1	複比の透視射影不変性(線束→点)	1	0	13	0	0
test_parallel	1	シュタイナーの定理の逆(射影版・円周角の定理の逆)	1	0	1	0	0
test_parallel	1	中心角の定理	1	0	5	0	0
test_parallel	1	中点連結定理	1	0	1	0	0
test_parallel	1	中点連結定理(長さ)	1	0	1	0	0
test_parallel	1	二等辺三角形の底角	1	0	3	0	0
test_parallel	1	二等辺三角形の底角の逆	1	0	8	0	0
test_parallel	1	円周角の定理の逆	1	0	8	0	0
test_parallel	1	同位角による平行判定(右共通)	1	0	10	1	1
test_parallel	1	同位角による平行判定(左共通)	1	0	6	0	0
test_parallel	1	垂直二等分線の距離の等価性	1	0	7	0	0
test_parallel	1	垂直二等分線の距離の等価性の逆	1	0	3	0	0
test_parallel	1	有向角の交替律	1	0	6	0	0
test_parallel	1	有向角の加法性	1	0	7	0	0
test_parallel	1	直角三角形の斜辺の中線	1	0	8	0	0
test_parallel	1	直角三角形の斜辺の中線 (距離版)	1	0	20	0	0
test_parallel	1	直角三角形の斜辺の中線の逆	1	0	3	0	0
test_parallel	1	複比の透視射影不変性(点→線束)/対合定理(共点4直線+横断線)	1	0	22	0	0
test_parallel	1	複比の透視射影不変性(線束→点)	1	0	7	0	0
test_power_of_point	1	シュタイナーの定理(二次曲線上の6点の複比不変性)	2	0	1	0	0
test_power_of_point	1	シュタイナーの定理(接線版)/接弦定理(射影版)	2	0	1	0	0
test_power_of_point	1	シュタイナーの定理の逆(射影版・円周角の定理の逆)	2	0	1	0	0
test_power_of_point	1	中心角の定理	2	0	17	0	0
test_power_of_point	1	中点連結定理	2	0	1	0	0
test_power_of_point	1	中点連結定理(長さ)	2	0	1	0	0
test_power_of_point	1	二等辺三角形の底角	2	0	15	0	0
test_power_of_point	1	二等辺三角形の底角の逆	2	0	388	0	0
test_power_of_point	1	円周角の定理	2	0	257	4	3
test_power_of_point	1	円周角の定理の逆	2	0	410	3	1
test_power_of_point	1	同位角による平行判定(右共通)	2	0	22	0	0
test_power_of_point	1	同位角による平行判定(左共通)	2	0	22	0	0
test_power_of_point	1	垂直二等分線の距離の等価性	2	0	11	0	0
test_power_of_point	1	垂直二等分線の距離の等価性の逆	2	0	12	0	0
test_power_of_point	1	接弦定理	2	0	1	0	0
test_power_of_point	1	有向角の交替律	2	0	176	0	0
test_power_of_point	1	有向角の加法性	2	0	520	0	0
test_power_of_point	1	直角三角形の斜辺の中線	2	0	35	0	0
test_power_of_point	1	直角三角形の斜辺の中線 (距離版)	2	0	67	0	0
test_power_of_point	1	直角三角形の斜辺の中線の逆	2	0	12	0	0
test_power_of_point	1	複比の透視射影不変性(点→線束)/対合定理(共点4直線+横断線)	2	0	118	0	0
test_power_of_point	1	複比の透視射影不変性(線束→点)	2	0	21	0	0
test_right_midpoint	1	シュタイナーの定理の逆(射影版・円周角の定理の逆)	2	0	1	0	0
test_right_midpoint	1	中心角の定理	2	0	64	4	0
test_right_midpoint	1	中点連結定理	2	0	15	0	4
test_right_midpoint	1	中点連結定理(長さ)	2	0	14	3	4
test_right_midpoint	1	二等辺三角形の底角	2	0	41	3	3
test_right_midpoint	1	二等辺三角形の底角の逆	2	0	674	0	0
test_right_midpoint	1	円周角の定理の逆	2	0	532	2	0
test_right_midpoint	1	同位角による平行判定(右共通)	2	0	28	2	0
test_right_midpoint	1	同位角による平行判定(左共通)	2	0	24	0	0
test_right_midpoint	1	垂直二等分線の距離の等価性	2	0	18	0	0
test_right_midpoint	1	垂直二等分線の距離の等価性の逆	2	0	16	2	0
test_right_midpoint	1	有向角の交替律	2	0	342	3	2
test_right_midpoint	1	有向角の加法性	2	0	1656	1	0
test_right_midpoint	1	直角三角形の斜辺の中線	2	0	125	1	6
test_right_midpoint	1	直角三角形の斜辺の中線 (距離版)	2	0	190	1	1
test_right_midpoint	1	直角三角形の斜辺の中線の逆	2	0	22	1	5
test_right_midpoint	1	複比の透視射影不変性(点→線束)/対合定理(共点4直線+横断線)	2	0	183	0	0
test_right_midpoint	1	複比の透視射影不変性(線束→点)	2	0	123	0	0
test_spiral_similarity	0	シュタイナーの定理(二次曲線上の6点の複比不変性)	1	0	1	0	0
test_spiral_similarity	0	シュタイナーの定理(接線版)/接弦定理(射影版)	1	0	1	0	0
test_spiral_similarity	0	シュタイナーの定理の逆(射影版・円周角の定理の逆)	43	0	23373	0	0
test_spiral_similarity	0	中心角の定理	43	0	261	0	0
test_spiral_similarity	0	中点連結定理	43	0	612	72	0
test_spiral_similarity	0	中点連結定理(長さ)	43	0	286	142	0
test_spiral_similarity	0	二等辺三角形の底角	43	0	676	15	0
test_spiral_similarity	0	二等辺三角形の底角の逆	43	0	15133	2	0
test_spiral_similarity	0	円周角の定理	1	0	185	0	0
test_spiral_similarity	0	円周角の定理の逆	46	4	46738	2	0
test_spiral_similarity	0	同位角による平行判定(右共通)	43	0	232	0	0
test_spiral_similarity	0	同位角による平行判定(左共通)	43	0	232	0	0
test_spiral_similarity	0	垂直二等分線の距離の等価性	43	0	157	29	0
test_spiral_similarity	0	垂直二等分線の距離の等価性の逆	43	0	233	0	0
test_spiral_similarity	0	接弦定理	1	0	1	0	0
test_spiral_similarity	0	有向角の交替律	43	0	14122	418	0
test_spiral_similarity	0	有向角の加法性	44	2	70904	425	0
test_spiral_similarity	0	直角三角形の斜辺の中線	43	0	1369	0	0
test_spiral_similarity	0	直角三角形の斜辺の中線 (距離版)	43	0	1528	0	0
test_spiral_similarity	0	直角三角形の斜辺の中線の逆	43	0	191	0	0
test_spiral_similarity	0	複比の透視射影不変性(点→線束)/対合定理(共点4直線+横断線)	43	0	3311	80	0
test_spiral_similarity	0	複比の透視射影不変性(線束→点)	43	0	1820	0	0
test_steiner	1	シュタイナーの定理(二次曲線上の6点の複比不変性)	1	0	176	1	1
test_steiner	1	シュタイナーの定理(接線版)/接弦定理(射影版)	1	0	3	0	0
test_steiner	1	シュタイナーの定理の逆(射影版・円周角の定理の逆)	1	0	458	3	0
test_steiner	1	中心角の定理	1	0	9	0	0
test_steiner	1	中点連結定理	1	0	1	0	0
test_steiner	1	中点連結定理(長さ)	1	0	1	0	0
test_steiner	1	二等辺三角形の底角	1	0	5	0	0
test_steiner	1	二等辺三角形の底角の逆	1	0	1	0	0
test_steiner	1	円周角の定理	1	0	1	0	0
test_steiner	1	円周角の定理の逆	1	0	1	0	0
test_steiner	1	同位角による平行判定(右共通)	1	0	1	0	0
test_steiner	1	同位角による平行判定(左共通)	1	0	1	0	0
test_steiner	1	垂直二等分線の距離の等価性	1	0	17	0	0
test_steiner	1	垂直二等分線の距離の等価性の逆	1	0	5	0	0
test_steiner	1	接弦定理	1	0	1	0	0
test_steiner	1	有向角の交替律	1	0	1	0	0
test_steiner	1	有向角の加法性	1	0	1	0	0
test_steiner	1	直角三角形の斜辺の中線	1	0	2	0	0
test_steiner	1	直角三角形の斜辺の中線 (距離版)	1	0	2	0	0
test_steiner	1	直角三角形の斜辺の中線の逆	1	0	5	0	0
test_steiner	1	複比の透視射影不変性(点→線束)/対合定理(共点4直線+横断線)	1	0	78	0	0
test_steiner	1	複比の透視射影不変性(線束→点)	1	0	57	0	0
test_steiner_converse	1	シュタイナーの定理(二次曲線上の6点の複比不変性)	1	0	146	0	0
test_steiner_converse	1	シュタイナーの定理(接線版)/接弦定理(射影版)	1	0	3	0	0
test_steiner_converse	1	シュタイナーの定理の逆(射影版・円周角の定理の逆)	1	0	458	4	1
test_steiner_converse	1	中心角の定理	1	0	7	0	0
test_steiner_converse	1	中点連結定理	1	0	1	0	0
test_steiner_converse	1	中点連結定理(長さ)	1	0	1	0	0
test_steiner_converse	1	二等辺三角形の底角	1	0	4	0	0
test_steiner_converse	1	二等辺三角形の底角の逆	1	0	1	0	0
test_steiner_converse	1	円周角の定理	1	0	1	0	1
test_steiner_converse	1	円周角の定理の逆	1	0	1	0	1
test_steiner_converse	1	同位角による平行判定(右共通)	1	0	1	0	0
test_steiner_converse	1	同位角による平行判定(左共通)	1	0	1	0	0
test_steiner_converse	1	垂直二等分線の距離の等価性	1	0	17	0	0
test_steiner_converse	1	垂直二等分線の距離の等価性の逆	1	0	4	0	0
test_steiner_converse	1	接弦定理	1	0	1	0	0
test_steiner_converse	1	有向角の交替律	1	0	1	0	0
test_steiner_converse	1	有向角の加法性	1	0	1	0	0
test_steiner_converse	1	直角三角形の斜辺の中線	1	0	2	0	0
test_steiner_converse	1	直角三角形の斜辺の中線 (距離版)	1	0	2	0	0
test_steiner_converse	1	直角三角形の斜辺の中線の逆	1	0	4	0	0
test_steiner_converse	1	複比の透視射影不変性(点→線束)/対合定理(共点4直線+横断線)	1	0	78	0	0
test_steiner_converse	1	複比の透視射影不変性(線束→点)	1	0	57	0	0
test_steiner_tangent	1	シュタイナーの定理(二次曲線上の6点の複比不変性)	1	0	146	0	0
test_steiner_tangent	1	シュタイナーの定理(接線版)/接弦定理(射影版)	1	0	13	1	1
test_steiner_tangent	1	シュタイナーの定理の逆(射影版・円周角の定理の逆)	1	0	201	0	0
test_steiner_tangent	1	中心角の定理	1	0	9	0	0
test_steiner_tangent	1	中点連結定理	1	0	1	0	0
test_steiner_tangent	1	中点連結定理(長さ)	1	0	1	0	0
test_steiner_tangent	1	二等辺三角形の底角	1	0	5	0	0
test_steiner_tangent	1	二等辺三角形の底角の逆	1	0	1	0	0
test_steiner_tangent	1	円周角の定理	1	0	1	0	0
test_steiner_tangent	1	円周角の定理の逆	1	0	1	0	0
test_steiner_tangent	1	同位角による平行判定(右共通)	1	0	1	0	0
test_steiner_tangent	1	同位角による平行判定(左共通)	1	0	1	0	0
test_steiner_tangent	1	垂直二等分線の距離の等価性	1	0	16	0	0
test_steiner_tangent	1	垂直二等分線の距離の等価性の逆	1	0	5	0	0
test_steiner_tangent	1	接弦定理	1	0	3	0	1
test_steiner_tangent	1	有向角の交替律	1	0	1	0	0
test_steiner_tangent	1	有向角の加法性	1	0	1	0	0
test_steiner_tangent	1	直角三角形の斜辺の中線	1	0	2	0	0
test_steiner_tangent	1	直角三角形の斜辺の中線 (距離版)	1	0	2	0	0
test_steiner_tangent	1	直角三角形の斜辺の中線の逆	1	0	5	0	0
test_steiner_tangent	1	複比の透視射影不変性(点→線束)/対合定理(共点4直線+横断線)	1	0	64	0	0
test_steiner_tangent	1	複比の透視射影不変性(線束→点)	1	0	73	0	0
thales	1	シュタイナーの定理の逆(射影版・円周角の定理の逆)	1	0	1	0	0
thales	1	中心角の定理	1	0	45	0	0
thales	1	中点連結定理	1	0	25	0	3
thales	1	中点連結定理(長さ)	1	0	25	3	3
thales	1	二等辺三角形の底角	1	0	19	0	0
thales	1	二等辺三角形の底角の逆	1	0	385	0	0
thales	1	円周角の定理の逆	1	0	341	2	0
thales	1	同位角による平行判定(右共通)	1	0	11	0	0
thales	1	同位角による平行判定(左共通)	1	0	11	0	0
thales	1	垂直二等分線の距離の等価性	1	0	8	0	0
thales	1	垂直二等分線の距離の等価性の逆	1	0	22	2	0
thales	1	有向角の交替律	1	0	100	4	3
thales	1	有向角の加法性	1	0	141	0	0
thales	1	直角三角形の斜辺の中線	1	0	142	0	13
thales	1	直角三角形の斜辺の中線 (距離版)	1	0	248	0	0
thales	1	直角三角形の斜辺の中線の逆	1	0	29	2	13
thales	1	複比の透視射影不変性(点→線束)/対合定理(共点4直線+横断線)	1	0	258	0	0
thales	1	複比の透視射影不変性(線束→点)	1	0	58	0	0
two_circles_reim	1	シュタイナーの定理(二次曲線上の6点の複比不変性)	2	0	1	0	0
two_circles_reim	1	シュタイナーの定理(接線版)/接弦定理(射影版)	2	0	1	0	0
two_circles_reim	1	シュタイナーの定理の逆(射影版・円周角の定理の逆)	2	0	1	0	0
two_circles_reim	1	中心角の定理	2	0	5	0	0
two_circles_reim	1	中点連結定理	2	0	1	0	0
two_circles_reim	1	中点連結定理(長さ)	2	0	1	0	0
two_circles_reim	1	二等辺三角形の底角	2	0	3	0	0
two_circles_reim	1	二等辺三角形の底角の逆	2	0	259	0	0
two_circles_reim	1	円周角の定理	2	0	370	8	1
two_circles_reim	1	円周角の定理の逆	2	0	301	6	0
two_circles_reim	1	同位角による平行判定(右共通)	2	0	23	1	1
two_circles_reim	1	同位角による平行判定(左共通)	2	0	15	0	0
two_circles_reim	1	垂直二等分線の距離の等価性	2	0	12	0	0
two_circles_reim	1	垂直二等分線の距離の等価性の逆	2	0	3	0	0
two_circles_reim	1	接弦定理	2	0	1	0	0
two_circles_reim	1	有向角の交替律	2	0	212	0	0
two_circles_reim	1	有向角の加法性	2	0	726	0	0
two_circles_reim	1	直角三角形の斜辺の中線	2	0	27	0	0
two_circles_reim	1	直角三角形の斜辺の中線 (距離版)	2	0	56	0	0
two_circles_reim	1	直角三角形の斜辺の中線の逆	2	0	3	0	0
two_circles_reim	1	複比の透視射影不変性(点→線束)/対合定理(共点4直線+横断線)	2	0	120	0	0
two_circles_reim	1	複比の透視射影不変性(線束→点)	2	0	22	0	0
varignon	1	シュタイナーの定理の逆(射影版・円周角の定理の逆)	2	0	1	0	0
varignon	1	中心角の定理	2	0	40	0	0
varignon	1	中点連結定理	2	0	36	2	2
varignon	1	中点連結定理(長さ)	2	0	17	0	0
varignon	1	二等辺三角形の底角	2	0	22	0	0
varignon	1	二等辺三角形の底角の逆	2	0	114	0	0
varignon	1	円周角の定理の逆	2	0	58	0	0
varignon	1	同位角による平行判定(右共通)	2	0	9	0	0
varignon	1	同位角による平行判定(左共通)	2	0	9	0	0
varignon	1	垂直二等分線の距離の等価性	2	0	40	0	0
varignon	1	垂直二等分線の距離の等価性の逆	2	0	34	0	0
varignon	1	有向角の交替律	2	0	9	0	0
varignon	1	有向角の加法性	2	0	10	0	0
varignon	1	直角三角形の斜辺の中線	2	0	55	0	0
varignon	1	直角三角形の斜辺の中線 (距離版)	2	0	62	0	0
varignon	1	直角三角形の斜辺の中線の逆	2	0	27	0	0
varignon	1	複比の透視射影不変性(点→線束)/対合定理(共点4直線+横断線)	2	0	510	0	0
varignon	1	複比の透視射影不変性(線束→点)	2	0	74	0	0
